state_name,state_id,district_name,lg_dt_code,medium,micro,small,total
"ANDHRA PRADESH",28,Kakinada,746,6,45904,170,46080
"ANDHRA PRADESH",28,PRAKASAM,517,10,60534,500,61044
"ANDHRA PRADESH",28,"SPSR NELLORE",515,27,78747,674,79448
"ANDHRA PRADESH",28,"WEST GODAVARI",523,72,75258,1196,76526
"ARUNACHAL PRADESH",12,"EAST SIANG",232,0,1148,18,1166
"ARUNACHAL PRADESH",12,KAMLE,718,0,163,2,165
"ARUNACHAL PRADESH",12,"LOWER SIANG",719,0,199,5,204
"ARUNACHAL PRADESH",12,"PAKKE KESSANG",723,0,88,0,88
"ARUNACHAL PRADESH",12,"SHI YOMI",725,0,98,0,98
ASSAM,18,BAJALI,739,0,3170,11,3181
ASSAM,18,BARPETA,280,17,29388,160,29565
ASSAM,18,Biswanath,705,2,12450,53,12505
ASSAM,18,GOALPARA,287,2,18252,108,18362
ASSAM,18,NALBARI,298,1,20147,70,20218
ASSAM,18,SONITPUR,301,11,25126,146,25283
BIHAR,10,ARARIA,188,7,34626,306,34939
BIHAR,10,BEGUSARAI,191,10,39334,279,39623
BIHAR,10,LAKHISARAI,204,0,9530,54,9584
BIHAR,10,MADHEPURA,205,7,23505,180,23692
CHHATTISGARH,22,BILASPUR,375,30,46396,566,46992
CHHATTISGARH,22,DHAMTARI,377,1,14669,106,14776
CHHATTISGARH,22,GARIABAND,645,0,9896,26,9922
CHHATTISGARH,22,JASHPUR,380,2,9990,65,10057
CHHATTISGARH,22,SURGUJA,389,6,16460,177,16643
GUJARAT,24,BHAVNAGAR,443,23,55660,636,56319
GUJARAT,24,BOTAD,676,2,9709,125,9836
GUJARAT,24,MORBI,673,20,37202,683,37905
GUJARAT,24,RAJKOT,457,180,147970,1916,150066
GUJARAT,24,SURENDRANAGAR,460,3,29482,276,29761
HARYANA,6,HISAR,63,40,60871,683,61594
HARYANA,6,JHAJJAR,64,8,25345,335,25688
HARYANA,6,KARNAL,67,33,71807,701,72541
HARYANA,6,PALWAL,619,6,26985,256,27247
JHARKHAND,20,"HAZARIBAG ",332,7,38106,224,38337
JHARKHAND,20,LATEHAR,335,2,8050,43,8095
JHARKHAND,20,"RANCHI ",339,65,95564,1049,96678
JHARKHAND,20,SAHEBGANJ,340,1,11291,69,11361
JHARKHAND,20,"SIMDEGA ",342,0,5358,25,5383
KARNATAKA,29,CHITRADURGA,533,14,35879,245,36138
KARNATAKA,29,DHARWAD,536,33,67289,632,67954
KARNATAKA,29,KOLAR,542,13,38026,287,38326
KARNATAKA,29,MYSURU,545,28,96993,926,97947
KARNATAKA,29,"UTTAR KANNAD",550,1,39953,220,40174
KARNATAKA,29,VIJAYAPURA,530,25,48629,448,49102
KERALA,32,ALAPPUZHA,554,10,41945,403,42358
KERALA,32,ERNAKULAM,555,153,98990,2056,101199
KERALA,32,PATHANAMTHIPTA,564,10,25118,252,25380
KERALA,32,THIRUVANANTHAPURAM,565,35,90211,880,91126
"MADHYA PRADESH",23,ALIRAJPUR,639,0,7314,33,7347
"MADHYA PRADESH",23,HOSHANGABAD,409,11,26568,201,26780
"MADHYA PRADESH",23,MANDSAUR,416,3,47227,246,47476
"MADHYA PRADESH",23,NIWARI,722,0,3543,19,3562
"MADHYA PRADESH",23,RAISEN,421,3,25866,198,26067
"MADHYA PRADESH",23,SHAJAPUR,430,12,30566,160,30738
"MADHYA PRADESH",23,SHEOPUR,431,1,5937,68,6006
"MADHYA PRADESH",23,SIDHI,433,1,13631,68,13700
MAHARASHTRA,27,BEED,470,12,80929,389,81330
MAHARASHTRA,27,KOLHAPUR,480,70,168058,1088,169216
MAHARASHTRA,27,NASHIK,487,86,260186,2138,262410
MAHARASHTRA,27,RATNAGIRI,492,4,58036,223,58263
MAHARASHTRA,27,WARDHA,498,8,45570,204,45782
MANIPUR,14,SENAPATI,257,1,2949,7,2957
MANIPUR,14,TAMENGLONG,258,1,791,4,796
MANIPUR,14,TENGNOUPAL,716,0,554,0,554
MANIPUR,14,UKHRUL,260,0,1408,5,1413
MEGHALAYA,17,"SOUTH GARO HILLS",277,0,1498,7,1505
MIZORAM,15,SAIHA,267,0,461,2,463
NAGALAND,13,LONGLENG,615,0,679,0,679
NAGALAND,13,Meluri,788,0,26,0,26
NAGALAND,13,PHEK,248,0,1142,1,1143
NAGALAND,13,Tseminyu,757,0,344,0,344
NAGALAND,13,WOKHA,250,0,1727,1,1728
ODISHA,21,BALANGIR,345,6,28042,176,28224
ODISHA,21,BOUDH,349,0,7055,35,7090
ODISHA,21,JAGATSINGHPUR,355,3,28997,164,29164
ODISHA,21,JAJAPUR,356,11,39446,380,39837
ODISHA,21,KORAPUT,363,2,23507,162,23671
ODISHA,21,SAMBALPUR,371,9,25357,283,25649
PUNJAB,3,GURDASPUR,32,11,43307,213,43531
PUNJAB,3,JALANDHAR,34,49,109056,862,109967
PUNJAB,3,RUPNAGAR,42,6,23170,145,23321
RAJASTHAN,8,Anoopgarh,100,0,3136,8,3144
RAJASTHAN,8,BANSWARA,88,2,27392,132,27526
RAJASTHAN,8,Beawar,774,2,7347,27,7376
RAJASTHAN,8,CHITTORGARH,95,7,50240,366,50613
RAJASTHAN,8,Deeg,767,0,3872,6,3878
RAJASTHAN,8,DHOLPUR,98,2,14120,102,14224
RAJASTHAN,8,"Didwana Kuchaman",768,1,9490,15,9506
RAJASTHAN,8,JHUNJHUNU,106,8,59508,270,59786
RAJASTHAN,8,KARAULI,108,1,17708,89,17798
RAJASTHAN,8,Khairthal-Tijara,770,0,5091,8,5099
RAJASTHAN,8,TONK,116,6,33883,255,34144
SIKKIM,11,Gangtok,225,8,6984,93,7085
SIKKIM,11,Namchi,227,2,3320,21,3343
"TAMIL NADU",33,SALEM,584,50,118651,1042,119743
"TAMIL NADU",33,THANJAVUR,586,18,82320,466,82804
"TAMIL NADU",33,TIRUPPUR,634,26,93076,921,94023
"TAMIL NADU",33,VIRUDHUNAGAR,597,14,57311,357,57682
TELANGANA,36,ADILABAD,501,2,21489,106,21597
TELANGANA,36,HYDERABAD,507,578,221425,5335,227338
TELANGANA,36,Jagitial,681,2,25410,95,25507
TELANGANA,36,JANGOAN,689,0,14264,54,14318
TELANGANA,36,"JOGULAMBA GADWAL",695,0,11611,59,11670
TELANGANA,36,Narayanpet,721,0,8669,24,8693
TELANGANA,36,"RAJANNA SIRCILLA",683,1,18742,38,18781
TELANGANA,36,"RANGA REDDI",518,138,153409,1941,155488
TELANGANA,36,SANGAREDDY,691,5,42791,256,43052
TELANGANA,36,SURYAPET,696,1,35726,172,35899
TRIPURA,16,DHALAI,269,1,4970,16,4987
"UTTAR PRADESH",9,AZAMGARH,123,6,67160,285,67451
"UTTAR PRADESH",9,BARABANKI,129,9,35873,294,36176
"UTTAR PRADESH",9,BIJNOR,132,7,40236,281,40524
"UTTAR PRADESH",9,BULANDSHAHAR,134,15,51855,451,52321
"UTTAR PRADESH",9,GONDA,147,12,37933,232,38177
"UTTAR PRADESH",9,JAUNPUR,152,2,60219,282,60503
"UTTAR PRADESH",9,JHANSI,153,14,42827,469,43310
"UTTAR PRADESH",9,MAHARAJGANJ,164,4,32281,176,32461
"UTTAR PRADESH",9,MORADABAD,171,18,53048,419,53485
"UTTAR PRADESH",9,SAHARANPUR,177,11,73901,450,74362
"UTTAR PRADESH",9,SITAPUR,183,0,35696,248,35944
UTTARAKHAND,5,ALMORA,45,0,11648,25,11673
UTTARAKHAND,5,BAGESHWAR,46,1,4476,6,4483
UTTARAKHAND,5,"PAURI GARHWAL",52,2,11894,45,11941
UTTARAKHAND,5,PITHORAGARH,53,1,8905,32,8938
"WEST BENGAL",19,BIRBHUM,307,5,46990,343,47338
"WEST BENGAL",19,"EAST MEDINIPUR",317,20,86164,794,86978
"WEST BENGAL",19,MURSHIDABAD,319,17,92706,659,93382
"WEST BENGAL",19,"NORTH 24 PRAGANAS",303,79,166849,1461,168389
DELHI,7,CENTRAL,77,208,45145,2476,47829
DELHI,7,"NEW DELHI",79,174,49816,1537,51527
DELHI,7,"SOUTH ",83,264,85231,2471,87966
DELHI,7,"SOUTH WEST",84,159,79993,1656,81808
DELHI,7,WEST,85,149,100217,1964,102330
"JAMMU AND KASHMIR",1,REASI,627,1,8548,40,8589
"JAMMU AND KASHMIR",1,SRINAGAR,13,25,55996,456,56477
PUDUCHERRY,34,MAHE,600,2,563,22,587
PUDUCHERRY,34,YANAM,600,3,578,13,594
"THE DADRA AND NAGAR HAVELI AND DAMAN AND DIU",38,DAMAN,463,6,5724,80,5810
"ANDHRA PRADESH",28,Bapatla,750,0,29300,98,29398
"ANDHRA PRADESH",28,CHITOOR,503,24,66139,506,66669
"ANDHRA PRADESH",28,KURNOOL,511,24,82443,569,83036
"ANDHRA PRADESH",28,Palnadu,751,2,40165,128,40295
"ANDHRA PRADESH",28,"Parvathipuram Manyam",743,0,9479,31,9510
"ANDHRA PRADESH",28,VISAKHAPATNAM,520,92,91057,1310,92459
"ARUNACHAL PRADESH",12,ANJAW,628,0,149,1,150
"ARUNACHAL PRADESH",12,"Keyi Panyor",786,0,67,3,70
"ARUNACHAL PRADESH",12,"KURUNG KUMEY",233,0,218,2,220
"ARUNACHAL PRADESH",12,LEPARADA,724,0,265,3,268
"ARUNACHAL PRADESH",12,SIANG,679,0,157,1,158
"ARUNACHAL PRADESH",12,"UPPER SUBANSIRI",241,0,536,4,540
ASSAM,18,BONGAIGAON,281,6,15555,117,15678
ASSAM,18,CACHAR,282,14,45966,248,46228
ASSAM,18,KARBI-ANGELONG,292,2,9503,58,9563
ASSAM,18,KARIMGANJ,293,1,19899,114,20014
ASSAM,18,KOKRAJHAR,294,6,15742,73,15821
ASSAM,18,LAKHIMPUR,295,6,25907,119,26032
ASSAM,18,MAJULI,706,0,3285,5,3290
ASSAM,18,NAGAON,297,9,35090,235,35334
ASSAM,18,TAMULPUR,756,0,2570,8,2578
BIHAR,10,AURANGABAD,189,5,27723,201,27929
BIHAR,10,KISHANGANJ,203,5,18225,125,18355
BIHAR,10,MADHUBANI,206,4,45382,216,45602
BIHAR,10,NAWADA,210,1,22091,134,22226
BIHAR,10,"PASHCHIM  CHAMPARAN",211,3,41812,220,42035
BIHAR,10,SIWAN,222,1,31735,196,31932
CHHATTISGARH,22,BALOD,646,0,12943,65,13008
CHHATTISGARH,22,BIJAPUR,636,1,2106,5,2112
CHHATTISGARH,22,DURG,378,37,52332,543,52912
CHHATTISGARH,22,KABIRDHAM,382,1,11830,69,11900
CHHATTISGARH,22,"KHAIRGARH CHHUIKHADAN GANDAI",759,0,3256,5,3261
CHHATTISGARH,22,KOREA,384,0,7254,46,7300
CHHATTISGARH,22,MAHASAMUND,385,1,18171,109,18281
CHHATTISGARH,22,"MANENDRAGARH CHIRIMIRI BHARATPUR",760,0,3644,11,3655
CHHATTISGARH,22,NARAYANPUR,637,0,1932,9,1941
CHHATTISGARH,22,SURAJPUR,648,0,9195,62,9257
GUJARAT,24,AHMADABAD,438,531,379302,6293,386126
GUJARAT,24,"BANAS KANTHA",441,27,51548,677,52252
GUJARAT,24,DOHAD,445,5,20683,157,20845
GUJARAT,24,"GIR SOMNATH",675,4,21736,217,21957
GUJARAT,24,KHEDA,450,2,37920,198,38120
GUJARAT,24,MAHISAGAR,669,0,8649,33,8682
GUJARAT,24,PORBANDAR,456,4,14769,152,14925
GUJARAT,24,"SABAR KANTHA",458,12,28742,253,29007
GUJARAT,24,VALSAD,462,30,63259,715,64004
HARYANA,6,FARIDABAD,60,93,94921,1461,96475
HARYANA,6,MAHENDRAGARH,69,8,23036,223,23267
HARYANA,6,PANIPAT,71,38,54361,884,55283
HARYANA,6,REWARI,72,26,26864,445,27335
HARYANA,6,SONIPAT,75,23,46554,568,47145
"HIMACHAL PRADESH",2,KINNAUR,19,0,2762,9,2771
JHARKHAND,20,"BOKARO ",322,14,43676,299,43989
JHARKHAND,20,DEOGHAR,324,10,24855,165,25030
JHARKHAND,20,DUMKA,326,2,14048,89,14139
JHARKHAND,20,"EAST SINGHBHUM",327,36,58643,731,59410
JHARKHAND,20,PALAMU,338,3,21012,145,21160
JHARKHAND,20,"RAMGARH ",607,5,22892,159,23056
KARNATAKA,29,BAGALKOT,524,6,36374,262,36642
KARNATAKA,29,CHIKBALLAPUR,630,7,30666,229,30902
KARNATAKA,29,"DAKSHIN KANNAD",534,43,70561,836,71440
KARNATAKA,29,RAICHUR,546,13,36404,450,36867
KARNATAKA,29,SHIVAMOGGA,547,13,49928,480,50421
KARNATAKA,29,UDUPI,549,13,42127,349,42489
KERALA,32,MALAPPURAM,562,26,64920,779,65725
"MADHYA PRADESH",23,ANUPPUR,390,2,10488,45,10535
"MADHYA PRADESH",23,BARWANI,393,3,22840,120,22963
"MADHYA PRADESH",23,BETUL,394,5,29083,166,29254
"MADHYA PRADESH",23,CHHATARPUR,398,3,25137,206,25346
"MADHYA PRADESH",23,DEWAS,402,10,46354,194,46558
"MADHYA PRADESH",23,GUNA,406,9,32706,203,32918
"MADHYA PRADESH",23,KHARGONE,414,5,38440,234,38679
"MADHYA PRADESH",23,Maihar,784,2,1757,9,1768
"MADHYA PRADESH",23,Pandhurna,785,0,1672,2,1674
"MADHYA PRADESH",23,SHAHDOL,429,0,16724,106,16830
"MADHYA PRADESH",23,UMARIA,436,1,7363,36,7400
"MADHYA PRADESH",23,VIDISHA,437,5,33663,202,33870
MAHARASHTRA,27,BULDHANA,472,16,76459,395,76870
MAHARASHTRA,27,CHANDRAPUR,473,12,55981,397,56390
MAHARASHTRA,27,GONDIA,476,7,36051,267,36325
MAHARASHTRA,27,PALGHAR,665,30,156147,639,156816
MAHARASHTRA,27,RAIGAD,491,67,183161,1185,184413
MANIPUR,14,BISHNUPUR,252,0,6145,21,6166
MANIPUR,14,"IMPHAL EAST",255,1,12898,64,12963
MANIPUR,14,KAKCHING,711,0,2635,11,2646
MANIPUR,14,NONEY,714,0,362,2,364
MEGHALAYA,17,"EAST GARO HILLS",273,1,1406,6,1413
MEGHALAYA,17,"EASTERN WEST KHASI HILLS",740,0,639,1,640
MIZORAM,15,AIZAWL,261,3,14938,134,15075
MIZORAM,15,CHAMPHAI,262,0,1992,9,2001
MIZORAM,15,KOLASIB,263,0,2229,9,2238
MIZORAM,15,SERCHHIP,268,1,1278,4,1283
NAGALAND,13,MOKOKCHUNG,246,0,1934,5,1939
ODISHA,21,BHADRAK,348,5,37299,167,37471
ODISHA,21,KALAHANDI,358,6,24408,163,24577
ODISHA,21,NABARANGPUR,366,5,13326,120,13451
ODISHA,21,PURI,369,4,49701,195,49900
PUNJAB,3,"FATEHGARH SAHIB",30,74,23031,992,24097
PUNJAB,3,FAZILKA,651,7,31677,203,31887
PUNJAB,3,MANSA,37,5,20598,137,20740
PUNJAB,3,PATIALA,41,27,85300,546,85873
PUNJAB,3,"TARN TARAN",609,1,25476,87,25564
RAJASTHAN,8,Dudu,102,0,924,3,927
RAJASTHAN,8,Gangapurcity,113,0,1801,7,1808
RAJASTHAN,8,HANUMANGARH,101,7,55803,261,56071
RAJASTHAN,8,JAISALMER,103,5,16559,104,16668
RAJASTHAN,8,NAGAUR,110,10,69610,422,70042
RAJASTHAN,8,"Neem Ka Thana",114,0,2519,4,2523
RAJASTHAN,8,Salumbar,777,0,1748,2,1750
RAJASTHAN,8,Shahpura,92,0,1058,2,1060
RAJASTHAN,8,SIKAR,114,12,83852,419,84283
SIKKIM,11,Soreng,742,0,940,1,941
"TAMIL NADU",33,Chengalpattu,730,5,81356,308,81669
"TAMIL NADU",33,KANCHIPURAM,574,64,93843,829,94736
"TAMIL NADU",33,MADURAI,578,48,122737,979,123764
"TAMIL NADU",33,PUDUKKOTTAI,582,5,51624,217,51846
"TAMIL NADU",33,Tenkasi,733,2,34326,126,34454
"TAMIL NADU",33,THIRUVALLUR,589,42,121331,894,122267
"TAMIL NADU",33,TIRUCHIRAPPALLI,591,25,98573,665,99263
"TAMIL NADU",33,TIRUNELVELI,592,10,65738,390,66138
"TAMIL NADU",33,TIRUVANNAMALAI,593,15,63195,244,63454
"TAMIL NADU",33,VELLORE,595,21,71147,440,71608
TELANGANA,36,"BHADRADRI KOTHAGUDEM",690,1,26757,145,26903
TELANGANA,36,Hanumakonda,686,16,34938,343,35297
TELANGANA,36,"JAYASHANKAR BHUPALAPALLY",687,0,8901,35,8936
TELANGANA,36,"MEDCHAL MALKAJGIRI",700,69,112890,1360,114319
TELANGANA,36,PEDDAPALLI,682,2,22048,117,22167
"UTTAR PRADESH",9,ALIGARH,119,31,63529,589,64149
"UTTAR PRADESH",9,AMETHI,640,2,23055,125,23182
"UTTAR PRADESH",9,AYODHYA,140,6,39394,272,39672
"UTTAR PRADESH",9,BAHRAICH,125,5,31181,241,31427
"UTTAR PRADESH",9,CHANDAULI,135,16,25353,177,25546
"UTTAR PRADESH",9,CHITRAKOOT,136,10,10068,81,10159
"UTTAR PRADESH",9,ETAH,138,8,20716,207,20931
"UTTAR PRADESH",9,HAPUR,661,12,28915,241,29168
"UTTAR PRADESH",9,HATHRAS,163,5,21329,185,21519
"UTTAR PRADESH",9,"KANPUR DEHAT",156,1,19761,120,19882
"UTTAR PRADESH",9,KAUSHAMBI,158,1,15478,78,15557
"UTTAR PRADESH",9,LALITPUR,161,8,14720,114,14842
"UTTAR PRADESH",9,LUCKNOW,162,145,189353,2356,191854
"UTTAR PRADESH",9,MAINPURI,166,2,24642,177,24821
"UTTAR PRADESH",9,MAU,168,3,29370,131,29504
"UTTAR PRADESH",9,PRATAPGARH,174,5,36320,179,36504
"UTTAR PRADESH",9,"RAE BARELI",175,5,40808,217,41030
"UTTAR PRADESH",9,SAMBHAL,659,49,23508,310,23867
"UTTAR PRADESH",9,SHRAVASTI,181,0,8890,34,8924
"UTTAR PRADESH",9,SONBHADRA,184,10,23789,221,24020
"UTTAR PRADESH",9,UNNAO,186,4,30662,171,30837
UTTARAKHAND,5,DEHRADUN,49,43,94904,786,95733
UTTARAKHAND,5,UTTARKASHI,57,1,7156,16,7173
"WEST BENGAL",19,HOOGHLY,312,12,80286,639,80937
"WEST BENGAL",19,Jhargram,703,1,11592,49,11642
"WEST BENGAL",19,NADIA,320,10,71397,474,71881
"WEST BENGAL",19,"PASCHIM BARDHAMAN",704,36,55936,703,56675
"WEST BENGAL",19,"SOUTH 24 PRAGANAS",304,75,112274,677,113026
"WEST BENGAL",19,"UTTAR DINAJPUR",311,8,45628,401,46037
DELHI,7,SHAHDARA,671,15,13165,189,13369
"JAMMU AND KASHMIR",1,BUDGAM,2,1,25192,73,25266
"JAMMU AND KASHMIR",1,GANDERBAL,626,1,13499,35,13535
"JAMMU AND KASHMIR",1,KULGAM,622,2,14754,43,14799
LADAKH,37,"LEH LADAKH",9,2,6807,69,6878
PUDUCHERRY,34,KARAIKAL,598,3,7546,69,7618
"ANDHRA PRADESH",28,"Alluri Sitharama Raju",745,0,5834,6,5840
"ANDHRA PRADESH",28,Konaseema,747,5,32948,108,33061
"ANDHRA PRADESH",28,Nandyal,755,4,43805,155,43964
"ANDHRA PRADESH",28,SRIKAKULAM,519,9,42430,286,42725
"ARUNACHAL PRADESH",12,Bichom,787,0,6,0,6
"ARUNACHAL PRADESH",12,"KRA DAADI",677,0,216,1,217
"ARUNACHAL PRADESH",12,LONGDING,666,0,258,3,261
ASSAM,18,CHARAIDEO,708,2,7760,25,7787
ASSAM,18,CHIRANG,612,4,7766,36,7806
ASSAM,18,DHEMAJI,284,1,12950,59,13010
ASSAM,18,DHUBRI,285,7,25349,134,25490
ASSAM,18,DIBRUGARH,286,7,29510,208,29725
ASSAM,18,"DIMA HASAO",299,0,3026,17,3043
ASSAM,18,HAILAKANDI,289,2,13423,35,13460
ASSAM,18,KAMRUP,291,16,36225,247,36488
ASSAM,18,"KAMRUP METRO",618,123,60834,1610,62567
ASSAM,18,MARIGAON,296,3,16503,60,16566
ASSAM,18,"SOUTH SALMARA MANCACHAR",707,1,5493,22,5516
BIHAR,10,ARWAL,611,0,6635,29,6664
BIHAR,10,DARBHANGA,195,9,45903,304,46216
BIHAR,10,GAYA,196,11,51327,359,51697
BIHAR,10,GOPALGANJ,197,7,25595,154,25756
BIHAR,10,JEHANABAD,199,0,11414,67,11481
BIHAR,10,KHAGARIA,202,2,18757,136,18895
BIHAR,10,MUZAFFARPUR,208,22,78749,654,79425
BIHAR,10,NALANDA,209,3,32439,195,32637
BIHAR,10,SAHARSA,216,6,23122,144,23272
BIHAR,10,SAMASTIPUR,217,7,56927,360,57294
BIHAR,10,SARAN,218,9,38186,228,38423
BIHAR,10,SUPAUL,223,4,30650,169,30823
CHHATTISGARH,22,BASTAR,374,2,14406,121,14529
CHHATTISGARH,22,JANJGIR-CHAMPA,379,3,22647,146,22796
CHHATTISGARH,22,KANKER,381,0,12430,70,12500
CHHATTISGARH,22,"MOHLA MANPUR AMBAGARH CHOUKI",761,0,1812,0,1812
CHHATTISGARH,22,MUNGELI,647,0,8873,27,8900
CHHATTISGARH,22,RAIPUR,387,198,97573,2095,99866
GOA,30,"SOUTH GOA",552,7,26892,300,27199
GUJARAT,24,AMRELI,439,5,22969,238,23212
GUJARAT,24,ANAND,440,14,50808,326,51148
GUJARAT,24,"DEVBHOOMI DWARKA",674,2,13209,112,13323
GUJARAT,24,GANDHINAGAR,446,19,47071,480,47570
GUJARAT,24,JAMNAGAR,447,32,45946,713,46691
GUJARAT,24,JUNAGADH,448,8,38123,355,38486
GUJARAT,24,MAHESANA,451,57,45575,930,46562
GUJARAT,24,NARMADA,452,0,6151,43,6194
HARYANA,6,KAITHAL,66,8,41665,273,41946
HARYANA,6,PANCHKULA,70,28,26381,391,26800
HARYANA,6,ROHTAK,73,26,33289,454,33769
HARYANA,6,SIRSA,74,20,42611,350,42981
"HIMACHAL PRADESH",2,BILASPUR,15,2,10629,63,10694
"HIMACHAL PRADESH",2,KULLU,20,2,17138,84,17224
"HIMACHAL PRADESH",2,"LAHUL AND SPITI",21,0,965,2,967
"HIMACHAL PRADESH",2,SHIMLA,23,4,28520,217,28741
"HIMACHAL PRADESH",2,SIRMAUR,24,0,14525,83,14608
"HIMACHAL PRADESH",2,SOLAN,25,15,32289,345,32649
"HIMACHAL PRADESH",2,UNA,26,3,14353,100,14456
JHARKHAND,20,CHATRA,323,0,15335,59,15394
JHARKHAND,20,DHANBAD,325,22,59944,477,60443
JHARKHAND,20,"GARHWA ",328,0,13577,76,13653
JHARKHAND,20,"SERAIKELA-KHARSAWAN  ",341,8,18070,147,18225
KARNATAKA,29,BIDAR,529,9,36292,219,36520
KARNATAKA,29,CHAMARAJNAGAR,531,2,20503,122,20627
KARNATAKA,29,HASSAN,539,11,46556,490,47057
KARNATAKA,29,KALABURAGI,538,20,48054,428,48502
KERALA,32,KANNUR,557,24,56692,537,57253
"MADHYA PRADESH",23,"AGAR MALWA",667,4,18657,99,18760
"MADHYA PRADESH",23,BHOPAL,396,75,110397,1078,111550
"MADHYA PRADESH",23,DAMOH,400,5,17425,110,17540
"MADHYA PRADESH",23,DHAR,403,18,52118,356,52492
"MADHYA PRADESH",23,JHABUA,412,1,16409,76,16486
"MADHYA PRADESH",23,NARSINGHPUR,418,4,20891,165,21060
"MADHYA PRADESH",23,RATLAM,423,4,45767,302,46073
"MADHYA PRADESH",23,SEONI,428,4,22953,179,23136
"MADHYA PRADESH",23,SHIVPURI,432,0,23520,177,23697
MAHARASHTRA,27,AHMEDNAGAR,466,49,196879,1279,198207
MAHARASHTRA,27,JALGAON,478,60,125542,779,126381
MAHARASHTRA,27,LATUR,481,28,84729,534,85291
MAHARASHTRA,27,"MUMBAI SUBURBAN",483,631,375626,5760,382017
MAHARASHTRA,27,NAGPUR,484,165,228481,2426,231072
MAHARASHTRA,27,YAVATMAL,500,13,62358,367,62738
MEGHALAYA,17,"SOUTH WEST  GARO HILLS",663,0,1448,6,1454
MEGHALAYA,17,"SOUTH WEST KHASI HILLS",658,0,919,2,921
MIZORAM,15,LAWNGTLAI,264,0,968,4,972
MIZORAM,15,MAMIT,266,0,941,3,944
NAGALAND,13,Chumoukedima,758,0,1994,1,1995
ODISHA,21,BARGARH,347,6,26738,173,26917
ODISHA,21,JHARSUGUDA,357,12,16910,256,17178
ODISHA,21,KANDHAMAL,359,2,11600,40,11642
ODISHA,21,KENDUJHAR,361,37,37471,397,37905
ODISHA,21,NAYAGARH,367,3,21867,94,21964
PUNJAB,3,AMRITSAR,27,33,92963,760,93756
PUNJAB,3,BARNALA,605,4,22171,137,22312
PUNJAB,3,FARIDKOT,29,2,22919,124,23045
PUNJAB,3,HOSHIARPUR,33,4,51197,263,51464
PUNJAB,3,PATHANKOT,662,5,19821,166,19992
PUNJAB,3,"SRI MUKTSAR SAHIB",39,4,27581,189,27774
RAJASTHAN,8,CHURU,96,5,50149,201,50355
RAJASTHAN,8,DUNGARPUR,99,0,23432,85,23517
RAJASTHAN,8,GANGANAGAR,100,30,76531,587,77148
RAJASTHAN,8,"Jaipur Gramin",102,0,14558,34,14592
RAJASTHAN,8,JALORE,104,3,28582,155,28740
RAJASTHAN,8,JODHPUR,107,54,115211,1200,116465
RAJASTHAN,8,PRATAPGARH,629,1,16547,82,16630
SIKKIM,11,Mangan,226,0,802,5,807
"TAMIL NADU",33,CHENNAI,568,509,335808,6290,342607
"TAMIL NADU",33,COIMBATORE,569,139,194134,2034,196307
"TAMIL NADU",33,KARUR,576,8,31082,218,31308
"TAMIL NADU",33,KRISHNAGIRI,577,13,77036,521,77570
"TAMIL NADU",33,"THE NILGIRISH",587,7,24519,90,24616
"TAMIL NADU",33,THENI,588,8,46150,267,46425
"TAMIL NADU",33,THIRUVARUR,590,1,39769,152,39922
TELANGANA,36,KHAMMAM,509,7,45535,338,45880
TELANGANA,36,Mulugu,720,1,5000,26,5027
TELANGANA,36,NIZAMABAD,516,7,54687,257,54951
TELANGANA,36,SIDDIPET,692,4,35587,138,35729
TELANGANA,36,"YADADRI BHUVANAGIRI",697,1,24009,72,24082
TRIPURA,16,UNAKOTI,655,0,6745,26,6771
"UTTAR PRADESH",9,BALLIA,126,9,33898,189,34096
"UTTAR PRADESH",9,BALRAMPUR,127,1,16242,96,16339
"UTTAR PRADESH",9,BANDA,128,1,15585,120,15706
"UTTAR PRADESH",9,BAREILLY,130,40,78393,589,79022
"UTTAR PRADESH",9,BASTI,131,11,31423,213,31647
"UTTAR PRADESH",9,BHADOHI,179,2,21596,98,21696
"UTTAR PRADESH",9,BUDAUN,133,5,28944,247,29196
"UTTAR PRADESH",9,FARRUKHABAD,141,1,20347,139,20487
"UTTAR PRADESH",9,GHAZIPUR,146,5,48890,217,49112
"UTTAR PRADESH",9,JALAUN,151,2,16970,154,17126
"UTTAR PRADESH",9,KANNAUJ,155,3,17972,132,18107
"UTTAR PRADESH",9,KUSHINAGAR,160,10,38148,252,38410
"UTTAR PRADESH",9,"LAKHIMPUR KHERI",159,8,35889,256,36153
"UTTAR PRADESH",9,MATHURA,167,15,66425,461,66901
"UTTAR PRADESH",9,MIRZAPUR,170,9,30377,192,30578
"UTTAR PRADESH",9,PILIBHIT,173,1,26907,122,27030
"UTTAR PRADESH",9,RAMPUR,176,18,34878,235,35131
"UTTAR PRADESH",9,"SANT KABEER NAGAR",178,6,19914,107,20027
"UTTAR PRADESH",9,SHAHJAHANPUR,180,11,33288,303,33602
"UTTAR PRADESH",9,SIDDHARTHNAGAR,182,2,24596,152,24750
"UTTAR PRADESH",9,SULTANPUR,185,2,28623,163,28788
UTTARAKHAND,5,CHAMOLI,47,0,8817,18,8835
UTTARAKHAND,5,"TEHRI GARHWAL",55,3,10671,51,10725
"WEST BENGAL",19,COOCHBEHAR,308,3,40333,232,40568
"WEST BENGAL",19,DARJEELING,309,33,46957,746,47736
"WEST BENGAL",19,HOWRAH,313,31,71230,914,72175
"WEST BENGAL",19,KALIMPONG,702,0,5535,13,5548
"WEST BENGAL",19,KOLKOTA,315,533,126864,5352,132749
"WEST BENGAL",19,"PURBA BARDHAMAN",306,10,70177,543,70730
"ANDAMAN AND NICOBAR ISLANDS",35,"NORTH AND MIDDLE ANDAMAN",632,0,2108,2,2110
DELHI,7,"NORTH EAST",81,39,46790,576,47405
DELHI,7,"SOUTH EAST",670,51,30657,572,31280
"JAMMU AND KASHMIR",1,KATHUA,7,4,20097,98,20199
"JAMMU AND KASHMIR",1,POONCH,10,0,9171,27,9198
"JAMMU AND KASHMIR",1,PULWAMA,11,13,23058,149,23220
"JAMMU AND KASHMIR",1,RAJOURI,12,1,12592,53,12646
"JAMMU AND KASHMIR",1,RAMBAN,621,0,9183,21,9204
"THE DADRA AND NAGAR HAVELI AND DAMAN AND DIU",38,"DADRA AND NAGAR HAVELI",465,7,13475,150,13632
"ANDHRA PRADESH",28,Annamayya,753,4,40730,98,40832
"ANDHRA PRADESH",28,Eluru,748,6,43783,168,43957
"ANDHRA PRADESH",28,NTR,749,14,63377,296,63687
"ANDHRA PRADESH",28,VIZIANAGARAM,521,5,40506,231,40742
"ANDHRA PRADESH",28,Y.S.R,504,15,72158,504,72677
"ARUNACHAL PRADESH",12,CHANGLANG,229,0,874,4,878
"ARUNACHAL PRADESH",12,"DIBANG VALLEY",230,0,132,4,136
"ARUNACHAL PRADESH",12,LOHIT,234,0,746,3,749
"ARUNACHAL PRADESH",12,"LOWER SUBANSIRI",236,1,893,8,902
"ARUNACHAL PRADESH",12,NAMSAI,678,0,1408,6,1414
"ARUNACHAL PRADESH",12,"PAPUM PARE",237,9,6319,133,6461
"ARUNACHAL PRADESH",12,"WEST KAMENG",242,0,1525,8,1533
"ARUNACHAL PRADESH",12,"WEST SIANG",243,0,728,13,741
ASSAM,18,DARRANG,283,2,23643,148,23793
ASSAM,18,"WEST KARBI ANGLONG",710,102,3210,16,3328
BIHAR,10,BANKA,190,1,21756,75,21832
BIHAR,10,"KAIMUR (BHABUA)",200,2,13721,152,13875
BIHAR,10,MUNGER,207,0,16676,57,16733
BIHAR,10,PATNA,212,110,154260,1787,156157
BIHAR,10,PURNIA,214,41,52115,588,52744
BIHAR,10,ROHTAS,215,5,33202,300,33507
BIHAR,10,SITAMARHI,221,5,36891,195,37091
BIHAR,10,VAISHALI,224,6,49368,245,49619
CHHATTISGARH,22,"BALOD BAZAR",644,2,17837,107,17946
CHHATTISGARH,22,BEMETARA,650,1,11211,52,11264
CHHATTISGARH,22,DANTEWADA,376,0,3633,28,3661
CHHATTISGARH,22,"Gaurella Pendra Marwahi",734,0,3526,15,3541
CHHATTISGARH,22,KORBA,383,29,24307,292,24628
CHHATTISGARH,22,RAJNANDAGAON,388,3,24868,189,25060
GOA,30,"NORTH GOA",551,28,40913,452,41393
GUJARAT,24,CHHOTAUDEPUR,668,0,8711,59,8770
GUJARAT,24,DANG,444,0,1638,12,1650
GUJARAT,24,NAVSARI,453,10,28326,226,28562
GUJARAT,24,"PANCH MAHALS",454,6,24633,168,24807
GUJARAT,24,SURAT,459,266,278722,4367,283355
HARYANA,6,BHIWANI,59,6,33745,307,34058
HARYANA,6,JIND,65,11,38548,380,38939
HARYANA,6,KURUKSHETRA,68,12,48680,325,49017
HARYANA,6,YAMUNANAGAR,76,12,48630,418,49060
"HIMACHAL PRADESH",2,HAMIRPUR,17,2,12141,79,12222
JHARKHAND,20,GIRIDIH,329,6,37452,179,37637
JHARKHAND,20,GODDA,330,1,13277,61,13339
JHARKHAND,20,"KHUNTI ",606,0,5550,23,5573
KARNATAKA,29,BELAGAVI,527,35,112567,740,113342
KARNATAKA,29,"BENGALURU (RURAL)",526,50,82049,779,82878
KARNATAKA,29,DAVANGERE,535,19,47078,408,47505
KARNATAKA,29,KODAGU,541,9,15853,180,16042
KERALA,32,IDUKKI,556,13,25298,308,25619
KERALA,32,KASARAGOD,558,5,26087,195,26287
KERALA,32,KOLLAM,559,14,48201,607,48822
KERALA,32,KOZHIKODE,561,44,70840,828,71712
KERALA,32,THRISSUR,566,44,67802,831,68677
"MADHYA PRADESH",23,BHIND,395,2,18083,80,18165
"MADHYA PRADESH",23,BURHANPUR,397,2,15252,87,15341
"MADHYA PRADESH",23,DATIA,401,0,12936,77,13013
"MADHYA PRADESH",23,HARDA,408,0,12870,111,12981
"MADHYA PRADESH",23,JABALPUR,411,35,65242,593,65870
"MADHYA PRADESH",23,MANDLA,415,0,14720,72,14792
"MADHYA PRADESH",23,REWA,424,4,38216,222,38442
"MADHYA PRADESH",23,SAGAR,425,15,44242,303,44560
"MADHYA PRADESH",23,SATNA,426,16,33331,283,33630
MAHARASHTRA,27,AKOLA,467,19,60885,344,61248
MAHARASHTRA,27,AURANGABAD,469,59,200645,1189,201893
MAHARASHTRA,27,DHULE,474,11,50956,341,51308
MAHARASHTRA,27,GADCHIROLI,475,3,19133,102,19238
MAHARASHTRA,27,HINGOLI,477,4,29446,185,29635
MAHARASHTRA,27,"MUMBAI ",482,1038,283558,8376,292972
MAHARASHTRA,27,"NAN DED",485,19,87629,556,88204
MAHARASHTRA,27,PARBHANI,489,7,52002,241,52250
MAHARASHTRA,27,PUNE,490,445,786993,6743,794181
MAHARASHTRA,27,SANGLI,493,20,121953,802,122775
MAHARASHTRA,27,THANE,497,341,533652,4971,538964
MANIPUR,14,CHANDEL,253,1,1081,10,1092
MANIPUR,14,KAMJONG,717,0,212,0,212
MANIPUR,14,KANGPOKPI,712,0,1692,0,1692
MANIPUR,14,PHERZAWL,715,0,35,0,35
MEGHALAYA,17,"EAST JAINTIA HILLS",657,2,2186,31,2219
MEGHALAYA,17,"EAST KHASI HILLS",274,12,12234,170,12416
MEGHALAYA,17,"WEST GARO HILLS",278,1,6655,37,6693
MEGHALAYA,17,"WEST JAINTIA HILLS",275,0,3485,11,3496
MIZORAM,15,Khawzawl,728,0,391,1,392
MIZORAM,15,LUNGLEI,265,1,2518,10,2529
MIZORAM,15,Saitual,727,0,600,0,600
NAGALAND,13,KOHIMA,245,1,5345,24,5370
NAGALAND,13,MON,247,0,2180,3,2183
NAGALAND,13,PEREN,613,0,1170,0,1170
NAGALAND,13,Shamator,765,0,190,0,190
NAGALAND,13,TUENSANG,249,0,1276,0,1276
NAGALAND,13,ZUNHEBOTO,251,0,1138,2,1140
ODISHA,21,DEOGARH,351,1,6242,18,6261
ODISHA,21,GAJAPATI,353,2,8348,32,8382
ODISHA,21,KENDRAPARA,360,8,32494,119,32621
ODISHA,21,NUAPADA,368,0,10531,51,10582
ODISHA,21,SONEPUR,372,1,11408,55,11464
ODISHA,21,SUNDARGARH,373,54,45013,626,45693
PUNJAB,3,BATHINDA,28,24,51686,489,52199
PUNJAB,3,LUDHIANA,36,121,172550,2415,175086
PUNJAB,3,MALERKOTLA,737,1,9999,31,10031
PUNJAB,3,MOGA,38,7,39132,194,39333
PUNJAB,3,SANGRUR,43,9,45040,360,45409
PUNJAB,3,"SAS NAGAR",608,65,91827,751,92643
PUNJAB,3,"SHAHID BHAGAT SINGH NAGAR",40,1,23199,91,23291
RAJASTHAN,8,BARMER,90,31,46693,449,47173
RAJASTHAN,8,BHARATPUR,91,7,36639,291,36937
RAJASTHAN,8,BIKANER,93,29,81724,793,82546
RAJASTHAN,8,BUNDI,94,6,24393,186,24585
RAJASTHAN,8,DAUSA,97,8,35286,174,35468
RAJASTHAN,8,JAIPUR,102,301,359440,3987,363728
RAJASTHAN,8,JHALAWAR,105,5,32220,243,32468
RAJASTHAN,8,Kekri,86,0,1278,5,1283
RAJASTHAN,8,KOTA,109,44,69998,862,70904
RAJASTHAN,8,PALI,111,12,53183,352,53547
RAJASTHAN,8,SIROHI,115,6,25301,126,25433
SIKKIM,11,Gyalshing,228,0,1603,5,1608
"TAMIL NADU",33,CUDDALORE,570,16,83471,352,83839
"TAMIL NADU",33,DHARMAPURI,571,6,61173,230,61409
"TAMIL NADU",33,DINDIGUL,572,11,77240,471,77722
"TAMIL NADU",33,Kallakurichi,729,2,26633,94,26729
"TAMIL NADU",33,KANNIYAKUMARI,575,12,68416,421,68849
"TAMIL NADU",33,Mayiladuthurai,735,1,25721,69,25791
"TAMIL NADU",33,NAMAKKAL,580,37,62054,665,62756
"TAMIL NADU",33,PERAMBALUR,581,3,15988,107,16098
"TAMIL NADU",33,RAMANATHAPURAM,583,6,37962,155,38123
"TAMIL NADU",33,SIVAGANGA,585,7,41283,184,41474
"TAMIL NADU",33,VILLUPURAM,596,13,68418,321,68752
TELANGANA,36,"KOMARAM BHEEM ASIFABAD",699,0,10228,27,10255
TELANGANA,36,MANCHERIAL,684,2,26965,108,27075
TELANGANA,36,MEDAK,513,4,22212,123,22339
TELANGANA,36,VIKARABAD,698,0,22183,84,22267
TELANGANA,36,WANAPARTHY,693,0,14949,52,15001
TRIPURA,16,KHOWAI,652,0,5051,15,5066
TRIPURA,16,SEPAHIJALA,653,0,6885,46,6931
"UTTAR PRADESH",9,AGRA,118,93,109163,1114,110370
"UTTAR PRADESH",9,"AMBEDAKAR NAGAR",121,3,27483,149,27635
"UTTAR PRADESH",9,AMROHA,154,11,23276,202,23489
"UTTAR PRADESH",9,BAGHPAT,124,2,27123,101,27226
"UTTAR PRADESH",9,ETAWAH,139,5,22306,172,22483
"UTTAR PRADESH",9,FIROZABAD,143,8,35575,178,35761
"UTTAR PRADESH",9,"GAUTAM BUDDHA NAGAR",144,173,142539,1949,144661
"UTTAR PRADESH",9,GHAZIABAD,145,127,146274,1831,148232
"UTTAR PRADESH",9,HAMIRPUR,149,7,13512,110,13629
"UTTAR PRADESH",9,HARDOI,150,7,41249,224,41480
"UTTAR PRADESH",9,KASGANJ,633,1,16443,127,16571
"UTTAR PRADESH",9,MAHOBA,165,5,11286,93,11384
"UTTAR PRADESH",9,VARANASI,187,56,94157,1075,95288
UTTARAKHAND,5,CHAMPAWAT,48,1,5722,23,5746
UTTARAKHAND,5,HARIDWAR,50,21,59912,441,60374
UTTARAKHAND,5,NAINITAL,51,13,33096,320,33429
UTTARAKHAND,5,"RUDRA PRAYAG",54,0,5406,14,5420
UTTARAKHAND,5,"UDHAM SINGH NAGAR",56,15,61886,488,62389
"WEST BENGAL",19,"DAKSHIN DINAJPUR",310,3,20801,122,20926
"WEST BENGAL",19,JALPAIGURI,314,13,43553,332,43898
"WEST BENGAL",19,MALDA,316,8,58666,383,59057
"ANDAMAN AND NICOBAR ISLANDS",35,NIKOBARS,603,0,415,0,415
DELHI,7,"NORTH WEST",82,282,123679,2972,126933
"JAMMU AND KASHMIR",1,BANDIPORA,623,4,9582,15,9601
"JAMMU AND KASHMIR",1,BARAMULLA,3,3,32040,132,32175
"JAMMU AND KASHMIR",1,DODA,4,1,12022,20,12043
"JAMMU AND KASHMIR",1,JAMMU,5,37,66105,784,66926
"JAMMU AND KASHMIR",1,KISHTWAR,620,0,7253,19,7272
"JAMMU AND KASHMIR",1,KUPWARA,8,0,20349,45,20394
"JAMMU AND KASHMIR",1,SAMBA,624,6,11884,78,11968
"JAMMU AND KASHMIR",1,UDHAMPUR,14,3,13643,61,13707
LAKSHADWEEP,31,"LAKSHADWEEP DISTRICT",553,0,1234,0,1234
"ANDHRA PRADESH",28,Anakapalli,744,4,26410,78,26492
"ANDHRA PRADESH",28,ANANTHAPUR,502,10,85758,510,86278
"ANDHRA PRADESH",28,"EAST GODAVARI",505,33,75695,901,76629
"ANDHRA PRADESH",28,GUNTUR,506,56,86758,1113,87927
"ANDHRA PRADESH",28,KRISHNA,510,68,79731,1330,81129
"ANDHRA PRADESH",28,"Sri Sathya Sai",754,3,29903,70,29976
"ANDHRA PRADESH",28,Tirupati,752,9,51959,179,52147
"ARUNACHAL PRADESH",12,"EAST KAMENG",231,0,475,7,482
"ARUNACHAL PRADESH",12,"LOWER DIBANG VALLEY",235,0,914,7,921
"ARUNACHAL PRADESH",12,TAWANG,238,0,556,8,564
"ARUNACHAL PRADESH",12,TIRAP,239,0,297,4,301
"ARUNACHAL PRADESH",12,"UPPER SIANG",240,0,195,3,198
ASSAM,18,BAKSA,616,3,10628,23,10654
ASSAM,18,GOLAGHAT,288,1,22817,107,22925
ASSAM,18,HOJAI,709,1,16411,81,16493
ASSAM,18,JORHAT,290,7,20883,196,21086
ASSAM,18,SIVASAGAR,300,6,19193,120,19319
ASSAM,18,TINSUKIA,302,9,29013,236,29258
ASSAM,18,UDALGURI,617,0,11735,37,11772
BIHAR,10,BHAGALPUR,192,14,47128,319,47461
BIHAR,10,BHOJPUR,193,7,26621,206,26834
BIHAR,10,BUXAR,194,4,17421,145,17570
BIHAR,10,JAMUI,198,2,18590,92,18684
BIHAR,10,KATIHAR,201,8,39069,279,39356
BIHAR,10,"PURBI  CHAMPARAN",213,71,70130,488,70689
BIHAR,10,SHEIKHPURA,219,0,7608,32,7640
BIHAR,10,SHEOHAR,220,1,6828,22,6851
CHHATTISGARH,22,BALRAMPUR,649,0,6764,29,6793
CHHATTISGARH,22,KONDAGAON,643,2,7960,61,8023
CHHATTISGARH,22,RAIGARH,386,22,26585,376,26983
CHHATTISGARH,22,SAKTI,762,0,5113,14,5127
CHHATTISGARH,22,"SARANGARH BILAIGARH",763,0,4187,6,4193
CHHATTISGARH,22,SUKMA,642,0,1825,12,1837
GUJARAT,24,ARVALLI,672,0,14388,125,14513
GUJARAT,24,BHARUCH,442,27,49518,591,50136
GUJARAT,24,KACHCHH,449,111,79685,1727,81523
GUJARAT,24,PATAN,455,4,21172,237,21413
GUJARAT,24,TAPI,641,4,9514,89,9607
GUJARAT,24,VADODARA,461,100,159022,1623,160745
HARYANA,6,AMBALA,58,25,45279,456,45760
HARYANA,6,"CHARKI DADRI",701,2,7701,76,7779
HARYANA,6,FATEHABAD,61,9,30997,271,31277
HARYANA,6,GURUGRAM,62,326,130179,2997,133502
HARYANA,6,NUH,604,2,24536,208,24746
"HIMACHAL PRADESH",2,CHAMBA,16,2,9551,35,9588
"HIMACHAL PRADESH",2,KANGRA,18,6,34037,267,34310
"HIMACHAL PRADESH",2,MANDI,22,8,24341,149,24498
JHARKHAND,20,"GUMLA ",331,1,8564,50,8615
JHARKHAND,20,JAMTARA,333,1,7578,25,7604
JHARKHAND,20,"KODERMA ",334,4,16091,83,16178
JHARKHAND,20,"LOHARDAGA ",336,1,7807,41,7849
JHARKHAND,20,"PAKUR ",337,3,8153,52,8208
JHARKHAND,20,"WEST SINGHBHUM",343,1,17378,87,17466
KARNATAKA,29,BALLARI,528,29,45306,614,45949
KARNATAKA,29,"BENGALURU (URBAN)",525,785,455268,9035,465088
KARNATAKA,29,CHIKKAMAGALURU,532,7,29424,287,29718
KARNATAKA,29,GADAG,537,2,24984,161,25147
KARNATAKA,29,HAVERI,540,10,39230,323,39563
KARNATAKA,29,KOPPAL,543,2,26265,324,26591
KARNATAKA,29,MANDYA,544,2,42666,292,42960
KARNATAKA,29,RAMANAGARA,631,7,29209,166,29382
KARNATAKA,29,TUMAKURU,548,11,66804,505,67320
KARNATAKA,29,VIJAYANAGAR,738,1,18507,112,18620
KARNATAKA,29,YADGIR,635,4,20872,166,21042
KERALA,32,KOTTAYAM,560,23,40787,595,41405
KERALA,32,PALAKKAD,563,19,59641,566,60226
KERALA,32,WAYANAD,567,5,20172,197,20374
"MADHYA PRADESH",23,ASHOKNAGAR,391,2,15030,78,15110
"MADHYA PRADESH",23,BALAGHAT,392,2,29824,125,29951
"MADHYA PRADESH",23,CHHINDWARA,399,13,47543,303,47859
"MADHYA PRADESH",23,DINDORI,404,0,7465,23,7488
"MADHYA PRADESH",23,"EAST NIMAR",405,3,25609,168,25780
"MADHYA PRADESH",23,GWALIOR,407,33,72089,687,72809
"MADHYA PRADESH",23,INDORE,410,151,178948,2212,181311
"MADHYA PRADESH",23,KATNI,413,9,22147,228,22384
"MADHYA PRADESH",23,MAUGANJ,766,0,1656,2,1658
"MADHYA PRADESH",23,MORENA,417,1,28219,174,28394
"MADHYA PRADESH",23,NEEMUCH,419,4,25866,183,26053
"MADHYA PRADESH",23,PANNA,420,0,11865,36,11901
"MADHYA PRADESH",23,RAJGARH,422,12,46566,283,46861
"MADHYA PRADESH",23,SEHORE,427,5,35561,227,35793
"MADHYA PRADESH",23,SINGRAULI,638,3,18304,147,18454
"MADHYA PRADESH",23,TIKAMGARH,434,4,12667,86,12757
"MADHYA PRADESH",23,UJJAIN,435,17,70725,435,71177
MAHARASHTRA,27,AMRAVATI,468,13,85666,548,86227
MAHARASHTRA,27,BHANDARA,471,5,36613,124,36742
MAHARASHTRA,27,JALNA,479,22,72999,394,73415
MAHARASHTRA,27,NANDURBAR,486,4,26728,208,26940
MAHARASHTRA,27,OSMANABAD,488,4,61320,213,61537
MAHARASHTRA,27,SATARA,494,29,130572,625,131226
MAHARASHTRA,27,SINDHUDURG,495,1,33315,79,33395
MAHARASHTRA,27,SOLAPUR,496,34,190374,1107,191515
MAHARASHTRA,27,WASHIM,499,10,30851,200,31061
MANIPUR,14,CHURACHANDPUR,254,0,3049,13,3062
MANIPUR,14,"IMPHAL WEST",256,8,16641,156,16805
MANIPUR,14,JIRIBAM,713,0,380,0,380
MANIPUR,14,THOUBAL,259,1,7059,27,7087
MEGHALAYA,17,"NORTH GARO HILLS",656,1,1423,6,1430
MEGHALAYA,17,"RI BHOI",276,5,3034,22,3061
MEGHALAYA,17,"WEST KHASI HILLS",279,0,1540,4,1544
MIZORAM,15,Hnahthial,726,0,328,0,328
NAGALAND,13,DIMAPUR,244,10,9266,90,9366
NAGALAND,13,KIPHRIE,614,0,928,0,928
NAGALAND,13,Niuland,764,0,343,0,343
NAGALAND,13,Noklak,736,0,315,0,315
ODISHA,21,ANGUL,344,19,32309,339,32667
ODISHA,21,BALESHWAR,346,5,55906,363,56274
ODISHA,21,CUTTACK,350,45,77081,806,77932
ODISHA,21,DHENKANAL,352,2,26717,135,26854
ODISHA,21,GANJAM,354,12,73202,493,73707
ODISHA,21,KHORDHA,362,123,109526,1460,111109
ODISHA,21,"MALKANGIRI  ",364,0,10753,52,10805
ODISHA,21,MAYURBHANJ,365,3,37223,211,37437
ODISHA,21,RAYAGADA,370,1,13889,93,13983
PUNJAB,3,FIROZEPUR,31,2,33152,163,33317
PUNJAB,3,KAPURTHALA,35,3,35287,181,35471
RAJASTHAN,8,AJMER,86,34,99872,718,100624
RAJASTHAN,8,ALWAR,87,33,100867,845,101745
RAJASTHAN,8,Balotra,775,2,4990,26,5018
RAJASTHAN,8,BARAN,89,17,22520,236,22773
RAJASTHAN,8,BHILWARA,92,23,85902,591,86516
RAJASTHAN,8,"Jodhpur Gramin",107,1,4212,12,4225
RAJASTHAN,8,Kotputli-Behror,782,2,8313,19,8334
RAJASTHAN,8,Phalodi,772,1,4261,17,4279
RAJASTHAN,8,RAJSAMAND,112,0,35104,151,35255
RAJASTHAN,8,Sanchor,104,0,1578,7,1585
RAJASTHAN,8,"SAWAI MADHOPUR",113,1,24677,185,24863
RAJASTHAN,8,UDAIPUR,117,38,88491,712,89241
SIKKIM,11,Pakyong,741,0,1584,4,1588
"TAMIL NADU",33,ARIYALUR,610,6,22969,111,23086
"TAMIL NADU",33,ERODE,573,30,79740,754,80524
"TAMIL NADU",33,NAGAPATTINAM,579,0,27787,98,27885
"TAMIL NADU",33,Ranipet,731,4,31198,107,31309
"TAMIL NADU",33,Tirupathur,732,1,34094,80,34175
"TAMIL NADU",33,TUTICORIN,594,22,61883,434,62339
TELANGANA,36,KAMAREDDY,685,2,23650,95,23747
TELANGANA,36,KARIMNAGAR,508,4,48635,292,48931
TELANGANA,36,MAHABUBABAD,688,1,19259,69,19329
TELANGANA,36,MAHABUBNAGAR,512,7,35620,190,35817
TELANGANA,36,NAGARKURNOOL,694,0,18994,74,19068
TELANGANA,36,NALGONDA,514,12,60844,276,61132
TELANGANA,36,Nirmal,680,2,19365,89,19456
TELANGANA,36,Warangal,522,5,33717,118,33840
TRIPURA,16,GOMATI,654,1,7795,31,7827
TRIPURA,16,"NORTH TRIPURA",270,0,10240,44,10284
TRIPURA,16,"SOUTH TRIPURA",271,0,7040,34,7074
TRIPURA,16,"WEST TRIPURA",272,16,21889,280,22185
"UTTAR PRADESH",9,AURAIYA,122,2,16044,105,16151
"UTTAR PRADESH",9,DEORIA,137,5,40826,204,41035
"UTTAR PRADESH",9,FATEHPUR,142,3,24982,175,25160
"UTTAR PRADESH",9,GORAKHAPUR,148,41,79190,880,80111
"UTTAR PRADESH",9,"KANPUR NAGAR",157,104,112850,1595,114549
"UTTAR PRADESH",9,MEERUT,169,29,89038,739,89806
"UTTAR PRADESH",9,MUZAFFARNAGAR,172,32,56862,534,57428
"UTTAR PRADESH",9,PRAYAGRAJ,120,42,95625,768,96435
"UTTAR PRADESH",9,SHAMLI,660,1,24494,115,24610
"WEST BENGAL",19,ALIPURDUAR,664,2,23576,142,23720
"WEST BENGAL",19,BANKURA,305,7,35938,229,36174
"WEST BENGAL",19,PURULIA,321,2,25853,160,26015
"WEST BENGAL",19,"WEST MEDINIPUR",318,16,77369,625,78010
"ANDAMAN AND NICOBAR ISLANDS",35,"SOUTH ANDAMANS",602,3,11601,117,11721
CHANDIGARH,4,CHANDIGARH,44,85,48255,935,49275
DELHI,7,EAST,78,123,72986,1700,74809
DELHI,7,NORTH,80,121,42405,1592,44118
"JAMMU AND KASHMIR",1,ANANTNAG,1,21,39134,168,39323
"JAMMU AND KASHMIR",1,SHOPIAN,625,1,11105,65,11171
LADAKH,37,KARGIL,6,0,3709,15,3724
PUDUCHERRY,34,PONDICHERRY,600,21,38344,328,38693
"THE DADRA AND NAGAR HAVELI AND DAMAN AND DIU",38,DIU,464,0,795,17,812
