"State Name","District Name","Block Name","Panchayat Name","Village Name","Habitation Name","Quality Parameter",Year
ASSAM,KOKRAJHAR,DOTOMA,SERFANGURI,SERFANGURI(INCLUDING,RUPGAON,Iron,1-04-2012
ASSAM,KOKRAJHAR,DOTOMA,PUTHIMARI,BANUGAON,BANUGAON,Iron,1-04-2012
ASSAM,KOKRAJHAR,DOTOMA,PUTHIMARI,BANUGAON,"SOUTH BANUGAON",Iron,1-04-2012
ASSAM,KOKRAJHAR,DOTOMA,PUTHIMARI,GOPALGAON,KASHIBARI,Iron,1-04-2012
ASSAM,KOKRAJHAR,DOTOMA,PUTHIMARI,GOPALGAON,"EAST GOPALGAON",Iron,1-04-2012
ASSAM,KOKRAJHAR,DOTOMA,HABRUBARI,KHUNTHAIBARI,"SOUTH KUNTHAIBARI",Iron,1-04-2012
ASSAM,KOKRAJHAR,DOTOMA,HABRUBARI,FULKUMARI,FULKUMARI,Iron,1-04-2012
ASSAM,KOKRAJHAR,DOTOMA,HABRUBARI,FULKUMARI,"NORTH SINGIMARI",Iron,1-04-2012
ASSAM,KOKRAJHAR,DOTOMA,HABRUBARI,FULKUMARI,"SOUTH SINGIMARI",Iron,1-04-2012
ASSAM,KOKRAJHAR,DOTOMA,BONGSHIGAON,BONGSHIGAON,"NORTH BONGSIGAON",Iron,1-04-2012
ASSAM,KOKRAJHAR,DOTOMA,BONGSHIGAON,BONGSHIGAON,"SOUTH BONGSIGAON",Iron,1-04-2012
ASSAM,KOKRAJHAR,DOTOMA,BONGSHIGAON,GHILAGURI,GHILAGURI,Iron,1-04-2012
ASSAM,KOKRAJHAR,DOTOMA,BONGSHIGAON,GHORAMAR,"WEST GHORAMARI",Iron,1-04-2012
ASSAM,KOKRAJHAR,DOTOMA,BONORGAON,TAKTARA,"2 NO TAKTARA",Iron,1-04-2012
ASSAM,KOKRAJHAR,DOTOMA,DHAWLIGURI,KHARIDAMODATI,"KHARIDA MADATE",Iron,1-04-2012
ASSAM,KOKRAJHAR,DOTOMA,DHAWLIGURI,KHARIDAMODATI,"NORTH KHARIDA MADATE",Iron,1-04-2012
ASSAM,KOKRAJHAR,DOTOMA,DHAWLIGURI,GHOSHKATA,"PUB GHOSKATA",Iron,1-04-2012
ASSAM,KOKRAJHAR,DOTOMA,DHAWLIGURI,GHOSHKATA,"PACHIM GHOSKATA",Iron,1-04-2012
ASSAM,KOKRAJHAR,DOTOMA,DHAWLIGURI,KAMARPARA,KAMARPARA,Iron,1-04-2012
ASSAM,KOKRAJHAR,DOTOMA,DHAWLIGURI,MOLANDUBI,MOLONDUBI,Iron,1-04-2012
ASSAM,KOKRAJHAR,DOTOMA,DHAWLIGURI,MOLANDUBI,"PUB MOLONDUBI",Iron,1-04-2012
ASSAM,KOKRAJHAR,DOTOMA,DHAWLIGURI,MOLANDUBI,"PACHIM MOLONDUBI",Iron,1-04-2012
ASSAM,KOKRAJHAR,DOTOMA,DUMURIGURI,LAWDANGA,LAODANGA,Iron,1-04-2012
ASSAM,KOKRAJHAR,DOTOMA,DUMURIGURI,SURJYAKHATA,SURJYAKHATA,Iron,1-04-2012
ASSAM,KOKRAJHAR,DOTOMA,DUMURIGURI,SHYAMTHAIBARI,"EAST SHYAMTHAIBARI",Iron,1-04-2012
ASSAM,KOKRAJHAR,DOTOMA,SAKTI-ASHRAM,BELDIABATHAN,BALDIABATHAN,Iron,1-04-2012
ASSAM,KOKRAJHAR,DOTOMA,SAKTI-ASHRAM,BELDIABATHAN,"MADYA BALDIABATHAN",Iron,1-04-2012
ASSAM,KOKRAJHAR,DOTOMA,SAKTI-ASHRAM,KHUKSHI,KHUKSHI,Iron,1-04-2012
ASSAM,KOKRAJHAR,DOTOMA,SAKTI-ASHRAM,KHUKSHI,"UTTAR KHUKSHI",Iron,1-04-2012
ASSAM,KOKRAJHAR,DOTOMA,SAKTI-ASHRAM,KHUKSHI,"PUB KHUKSHI",Iron,1-04-2012
ASSAM,KOKRAJHAR,DOTOMA,CHITHILA,CHITHILAGRAM,SALBARI,Iron,1-04-2012
ASSAM,KOKRAJHAR,DOTOMA,CHITHILA,CHITHILAGRAM,MISTRIPARA,Iron,1-04-2012
ASSAM,KOKRAJHAR,DOTOMA,CHITHILA,TEKARKHATA,TEKRAKHATA,Iron,1-04-2012
ASSAM,KOKRAJHAR,DOTOMA,CHITHILA,BOGARIGURI,BAZERPARA,Iron,1-04-2012
ASSAM,KOKRAJHAR,DOTOMA,CHITHILA,BINNACHORA,"MADHA BINNACHARA",Iron,1-04-2012
ASSAM,KOKRAJHAR,DOTOMA,KARAITARI,SANDALARTARI,SANDALARTARI,Iron,1-04-2012
ASSAM,KOKRAJHAR,DOTOMA,FAKIRAGRAM,FAKIRAGRAM,"PURANI BAZAR",Iron,1-04-2012
ASSAM,KOKRAJHAR,DOTOMA,FAKIRAGRAM,FAKIRAGRAM,"UTTAR NATHPARA",Iron,1-04-2012
ASSAM,KOKRAJHAR,DOTOMA,PACHAGARH,RAVAPARA,CHOKRAPARA,Iron,1-04-2012
ASSAM,KOKRAJHAR,DOTOMA,PACHAGARH,RAVAPARA,"UTTAR PUB RAVAPARA",Iron,1-04-2012
ASSAM,KOKRAJHAR,DOTOMA,PACHAGARH,KORAITOLA,MUSLIMPARA,Iron,1-04-2012
ASSAM,CHIRANG,"SIDLI CHIRANG",RANISUNDARI,BIKRAMPUR,BIKRAMPUR,Iron,1-04-2012
ASSAM,CHIRANG,"SIDLI CHIRANG",RANISUNDARI,BIKRAMPUR,NATUNBASTI,Iron,1-04-2012
ASSAM,CHIRANG,"SIDLI CHIRANG",RANISUNDARI,BIKRAMPUR,NALBARI,Iron,1-04-2012
ASSAM,CHIRANG,"SIDLI CHIRANG",RANISUNDARI,BIKRAMPUR,"DAKHIN NALBARI",Iron,1-04-2012
ASSAM,CHIRANG,"SIDLI CHIRANG",RANISUNDARI,RANISUNDARI,RANISUNDARI,Iron,1-04-2012
ASSAM,CHIRANG,"SIDLI CHIRANG",RANISUNDARI,RANISUNDARI,"RANISUNDARI CHAR",Iron,1-04-2012
ASSAM,CHIRANG,"SIDLI CHIRANG",BENGTOL,"BENGTOL NO.I",BENGTOL-I,Iron,1-04-2012
ASSAM,CHIRANG,"SIDLI CHIRANG",SUBAIJHAR,SUBAIJHAR,"SUBAIJHAR BOROBASTI",Iron,1-04-2012
ASSAM,CHIRANG,"SIDLI CHIRANG",RUNIKHATA,KANTHALMARI,"KANTHALMARI PUB",Iron,1-04-2012
ASSAM,CHIRANG,"SIDLI CHIRANG",RUNIKHATA,KANTHALMARI,"UTTAR KANTHALMARI",Iron,1-04-2012
ASSAM,CHIRANG,"SIDLI CHIRANG",RANCHAIDHAM,"AMGURI II","AMGURI -II",Iron,1-04-2012
ASSAM,CHIRANG,"SIDLI CHIRANG",RANCHAIDHAM,GOSSAIGAON,GOSSAIGAON,Iron,1-04-2012
ASSAM,CHIRANG,"SIDLI CHIRANG",RANCHAIDHAM,KATHALPARA,KATHALPARA,Iron,1-04-2012
ASSAM,CHIRANG,"SIDLI CHIRANG",RANCHAIDHAM,KATHALPARA,"RIFUJI PARA-I",Iron,1-04-2012
ASSAM,CHIRANG,"SIDLI CHIRANG",RANCHAIDHAM,"PAKRIGURI -II",PAKHIRIGURI-I,Iron,1-04-2012
ASSAM,CHIRANG,"SIDLI CHIRANG",THAIKAJHORA,"DAKHIN DAKUMGAON","DAKHIN DAKHINGAON",Iron,1-04-2012
ASSAM,CHIRANG,"SIDLI CHIRANG",SANTIPUR,"BORDANGI F V","BORDANGI F.V.",Iron,1-04-2012
ASSAM,CHIRANG,"SIDLI CHIRANG",AMTEKA,"AMTEKA F V(INCLUDING","UTTAR AMTEKA",Iron,1-04-2012
ASSAM,CHIRANG,"SIDLI CHIRANG",AMTEKA,"AMTEKA F V(INCLUDING",TEKHLANGURI,Iron,1-04-2012
ASSAM,CHIRANG,"SIDLI CHIRANG",AMTEKA,"AMTEKA F V(INCLUDING",GARLAJHORA,Iron,1-04-2012
ASSAM,CHIRANG,"SIDLI CHIRANG",KHUNGRING,"KHUNGRING F V","KHUNGRING FV",Iron,1-04-2012
ASSAM,CHIRANG,"SIDLI CHIRANG",KHUNGRING,"KHUNGRING F V",NARENGURI,Iron,1-04-2012
ASSAM,CHIRANG,"SIDLI CHIRANG",KHUNGRING,"KHUNGRING F V",DOISUMGURI,Iron,1-04-2012
ASSAM,KOKRAJHAR,HATIDHURA,RANGSAPUR,NAISAPUR-MESPARA,TALATOLA,Iron,1-04-2012
ASSAM,KOKRAJHAR,HATIDHURA,RANGSAPUR,POLASHKANDI,PALASHKANDI,Iron,1-04-2012
ASSAM,KOKRAJHAR,HATIDHURA,RANGSAPUR,POLASHKANDI,"PALASHKANDI NORTH",Iron,1-04-2012
ASSAM,KOKRAJHAR,HATIDHURA,RANGSAPUR,POLASHKANDI,"PALASHKANDI WEST",Iron,1-04-2012
ASSAM,KOKRAJHAR,HATIDHURA,FAILAGURI,CHANDRAPUR,KAIRABARI,Iron,1-04-2012
ASSAM,KOKRAJHAR,HATIDHURA,FAILAGURI,CHANDRAPUR,BONKOLPUR,Iron,1-04-2012
ASSAM,KOKRAJHAR,HATIDHURA,FAILAGURI,CHANDRAPUR,AMRAGHUTU,Iron,1-04-2012
ASSAM,KOKRAJHAR,HATIDHURA,FAILAGURI,CHANDRAPUR,CHIROGHUTU,Iron,1-04-2012
ASSAM,CHIRANG,"SIDLI CHIRANG",ENKARBARI,PUB-ENKORBARI,"PUB ENKAR BARI",Iron,1-04-2012
ASSAM,CHIRANG,"SIDLI CHIRANG",ENKARBARI,PUB-ENKORBARI,"KHAL PARA",Iron,1-04-2012
ASSAM,CHIRANG,"SIDLI CHIRANG",ENKARBARI,"PACHIM ENKORBARI","PACHIM ENKAR BARI",Iron,1-04-2012
ASSAM,CHIRANG,"SIDLI CHIRANG",ENKARBARI,HASRAOBARI,"PUB HASRABARI",Iron,1-04-2012
ASSAM,CHIRANG,"SIDLI CHIRANG",ENKARBARI,HASRAOBARI,"BORO BASTI",Iron,1-04-2012
ASSAM,CHIRANG,"SIDLI CHIRANG",ENKARBARI,"CHATIBOR GAON","MADHYA CHATI BORE GAON",Iron,1-04-2012
ASSAM,CHIRANG,"SIDLI CHIRANG",ENKARBARI,"CHATIBOR GAON","UTTAR CHATI BORE GAON]",Iron,1-04-2012
ASSAM,CHIRANG,"SIDLI CHIRANG","KAJAL GAON","MADHYAM KAJALGAON","MADHYA KAJAL GAON",Iron,1-04-2012
ASSAM,CHIRANG,"SIDLI CHIRANG","KAJAL GAON","DAKHIN AMGURI PT","DAKHIN KAJALGAON",Iron,1-04-2012
ASSAM,CHIRANG,"SIDLI CHIRANG","KAJAL GAON",MONGLAGAON,"MONGLAGAON 1",Iron,1-04-2012
ASSAM,CHIRANG,"SIDLI CHIRANG","KAJAL GAON",MONGLAGAON,"MONGLAGAON 2",Iron,1-04-2012
ASSAM,CHIRANG,"SIDLI CHIRANG","KAJAL GAON",NILIBARI,NILIBARI,Iron,1-04-2012
ASSAM,CHIRANG,"SIDLI CHIRANG","KAJAL GAON",NILIBARI,"PUB NILIBARI",Iron,1-04-2012
ASSAM,CHIRANG,"SIDLI CHIRANG","KAJAL GAON",BAIKHUNGAON,"BAIKHAN GAON",Iron,1-04-2012
ASSAM,CHIRANG,"SIDLI CHIRANG","KAJAL GAON",BAIKHUNGAON,KOLOBARI,Iron,1-04-2012
ASSAM,CHIRANG,"SIDLI CHIRANG","KAJAL GAON",SILPOTA,SILKHAGURI,Iron,1-04-2012
ASSAM,CHIRANG,"SIDLI CHIRANG","KAJAL GAON",BILASHPUR,"DONG PARA1",Iron,1-04-2012
ASSAM,CHIRANG,"SIDLI CHIRANG","KAJAL GAON",BILASHPUR,"PACHIM BILASHPUR",Iron,1-04-2012
ASSAM,CHIRANG,"SIDLI CHIRANG","KAJAL GAON",BILASHPUR,"DONG PARA  2",Iron,1-04-2012
ASSAM,CHIRANG,"SIDLI CHIRANG","KAJAL GAON",BILASHPUR,"DAKHIN BILASH PUR",Iron,1-04-2012
ASSAM,CHIRANG,"SIDLI CHIRANG",GARUBHASA,JUILAGA,JUILOGA,Iron,1-04-2012
ASSAM,CHIRANG,"SIDLI CHIRANG",SHYAMSHINGKILLA,GENDARGAON,"GENDER GAON",Iron,1-04-2012
ASSAM,CHIRANG,"SIDLI CHIRANG",SHYAMSHINGKILLA,GENDARGAON,"DAKHINGENDER GAON",Iron,1-04-2012
ASSAM,CHIRANG,"SIDLI CHIRANG",SHYAMSHINGKILLA,GENDARGAON,"UTTAR GENDER GAON",Iron,1-04-2012
ASSAM,CHIRANG,"SIDLI CHIRANG",SHYAMSHINGKILLA,MAJABARI,"MOZA BARI",Iron,1-04-2012
ASSAM,CHIRANG,"SIDLI CHIRANG",SHYAMSHINGKILLA,DOLOGAON,"DOLA GAON",Iron,1-04-2012
ASSAM,CHIRANG,"SIDLI CHIRANG",KASHIKATRA,"KUMGURI (PIPU)","KUMGURI (DIPU)",Iron,1-04-2012
ASSAM,CHIRANG,"SIDLI CHIRANG",KASHIKATRA,"TUNKU BARI","TUNKU BARI",Iron,1-04-2012
ASSAM,CHIRANG,"SIDLI CHIRANG",KASHIKATRA,"TUNKU BARI","PUB TUNKU BARI",Iron,1-04-2012
ASSAM,CHIRANG,"SIDLI CHIRANG",KASHIKATRA,"KASHIKOTRA PT 2","KASHIKOTRA II",Iron,1-04-2012
ASSAM,CHIRANG,"SIDLI CHIRANG",KASHIKATRA,BAIRAJHORA,"BAIRAJORA PACHIM",Iron,1-04-2012
ASSAM,CHIRANG,"SIDLI CHIRANG",KASHIKATRA,BAIRAJHORA,"MADHYAM BAIRAJORA",Iron,1-04-2012
ASSAM,CHIRANG,"SIDLI CHIRANG",KASHIKATRA,BAMUNGAON,"DAKHIN BAMUN GAON",Iron,1-04-2012
ASSAM,CHIRANG,"SIDLI CHIRANG",KASHIKATRA,BAMUNGAON,"PACHIM BAMUNGAON",Iron,1-04-2012
ASSAM,CHIRANG,"SIDLI CHIRANG",KASHIKATRA,"KOLO BARI","KOLO BARI",Iron,1-04-2012
ASSAM,CHIRANG,"SIDLI CHIRANG",KASHIKATRA,"KOLO BARI","KASHI BARI",Iron,1-04-2012
ASSAM,CHIRANG,"SIDLI CHIRANG",KASHIKATRA,"KASHIKOTRA NO 1","KASHIKOTRA 1",Iron,1-04-2012
ASSAM,CHIRANG,"SIDLI CHIRANG",KASHIKATRA,"KASHIKOTRA NO 1","BHALA GURI",Iron,1-04-2012
ASSAM,CHIRANG,"SIDLI CHIRANG",KASHIKATRA,SOULMARI,"DAKHIN SOULMARIO",Iron,1-04-2012
ASSAM,CHIRANG,"SIDLI CHIRANG",KASHIKATRA,SOULMARI,"MESTAN GURI",Iron,1-04-2012
ASSAM,CHIRANG,"SIDLI CHIRANG",SIDLI,RAJAJAN,"RAJA JAN",Iron,1-04-2012
ASSAM,CHIRANG,"SIDLI CHIRANG",SIDLI,RAJAJAN,"DHOLA GAON",Iron,1-04-2012
ASSAM,CHIRANG,"SIDLI CHIRANG",SIDLI,RAJAJAN,"NAYA PARA",Iron,1-04-2012
ASSAM,CHIRANG,"SIDLI CHIRANG",SIDLI,SIDLI,SIDLI,Iron,1-04-2012
ASSAM,CHIRANG,"SIDLI CHIRANG",SIDLI,NIMAGAON,"NIMA GAON",Iron,1-04-2012
ASSAM,CHIRANG,"SIDLI CHIRANG",SIDLI,NIMAGAON,"BORO BASTI",Iron,1-04-2012
ASSAM,CHIRANG,"SIDLI CHIRANG",SIDLI,NIMAGAON,"MESTAN GURI",Iron,1-04-2012
ASSAM,CHIRANG,"SIDLI CHIRANG",SIDLI,NAMALPUR,"BHATAR MARI",Iron,1-04-2012
ASSAM,CHIRANG,"SIDLI CHIRANG",SIDLI,KRISHNAPUR,PUB-KRISHNAPUR,Iron,1-04-2012
ASSAM,CHIRANG,"SIDLI CHIRANG",BHIRANGAON,KATRIBARI,"KATRI BARI 2",Iron,1-04-2012
ASSAM,BONGAIGAON,DANGTOLA,MULAGAON,"JELKAJHAR PT-I","PATGIRI PARA",Iron,1-04-2012
ASSAM,BONGAIGAON,DANGTOLA,ATUGAON,ATHUGAON,"MAZ PARA",Iron,1-04-2012
ASSAM,CHIRANG,DANGTOL,DANGTOL,"AMGURI NO 1","AMGURI NO-1",Iron,1-04-2012
ASSAM,CHIRANG,DANGTOL,DANGTOL,"SIMLUGURI PT",SIMLAGURI,Iron,1-04-2012
ASSAM,CHIRANG,DANGTOL,DANGTOL,KINABARGAON,"PUB KINABORGAON",Iron,1-04-2012
ASSAM,CHIRANG,DANGTOL,DANGTOL,KINABARGAON,"PACHIM KINABORGAON",Iron,1-04-2012
ASSAM,CHIRANG,DANGTOL,TILOKGAON,TILUKGAON,TILOKGAON,Iron,1-04-2012
ASSAM,CHIRANG,DANGTOL,TILOKGAON,TILUKGAON,"BHATI PARA",Iron,1-04-2012
ASSAM,CHIRANG,DANGTOL,TILOKGAON,TILUKGAON,"NAYA BASTI",Iron,1-04-2012
ASSAM,CHIRANG,DANGTOL,TILOKGAON,TILUKGAON,PUB-PARA,Iron,1-04-2012
ASSAM,CHIRANG,DANGTOL,TILOKGAON,"BIJAY GAON",BIJOYGAON,Iron,1-04-2012
ASSAM,CHIRANG,DANGTOL,TILOKGAON,"BIJAY GAON","SUTRADHAR PARA",Iron,1-04-2012
ASSAM,CHIRANG,DANGTOL,TILOKGAON,"BIJAY GAON","DHAKUA PARA",Iron,1-04-2012
ASSAM,CHIRANG,DANGTOL,KAKRAGAON,KAKRAGAEON,KAKRAGAON,Iron,1-04-2012
ASSAM,CHIRANG,DANGTOL,KAKRAGAON,KAKRAGAEON,"BHATI PARA",Iron,1-04-2012
ASSAM,CHIRANG,DANGTOL,KAKRAGAON,KAKRAGAEON,"BEL TOLI",Iron,1-04-2012
ASSAM,BONGAIGAON,TAPATARI,MERRERCHAR,"KUSHBARI PT- I","KUSHBARI PT- I",Arsenic,1-04-2012
ASSAM,BONGAIGAON,TAPATARI,MERRERCHAR,"KUSHBARI PT- I","MADHYM PARA",Arsenic,1-04-2012
ASSAM,BONGAIGAON,TAPATARI,MERRERCHAR,"KUSHBARI PT- II","KUSHBARI PT- II",Arsenic,1-04-2012
ASSAM,BONGAIGAON,TAPATARI,MERRERCHAR,"KUSHBARI PT- II","BAZAR COLONI",Arsenic,1-04-2012
ASSAM,BONGAIGAON,TAPATARI,MERRERCHAR,"KUSHBARI PT- III","MAZ PARA",Arsenic,1-04-2012
ASSAM,BONGAIGAON,TAPATARI,MERRERCHAR,"SIKATARI PT- I","SIKATARI PT- I",Arsenic,1-04-2012
ASSAM,BONGAIGAON,TAPATARI,MERRERCHAR,MERRERCHAR,MERRERCHAR,Arsenic,1-04-2012
ASSAM,BONGAIGAON,TAPATARI,"PACHANIA KHORAGAON","KACHARI PARA PT- II","KACHARI PARA PT- II (PURANI SUTRADHAR PA",Iron,1-04-2012
ASSAM,BONGAIGAON,TAPATARI,"PACHANIA KHORAGAON",BECHIMARI,BECHIMARI,Iron,1-04-2012
ASSAM,BONGAIGAON,TAPATARI,"PACHANIA KHORAGAON","MOHANPUR PT- I","BONGSI PARA (MUSLIM PARA)",Arsenic,1-04-2012
ASSAM,BONGAIGAON,TAPATARI,"PACHANIA KHORAGAON","MOHANPUR PT- II","BARMAN PARA",Arsenic,1-04-2012
ASSAM,BONGAIGAON,TAPATARI,"PACHANIA KHORAGAON","MOHANPUR PT- II","NAMA PARA",Arsenic,1-04-2012
ASSAM,BONGAIGAON,TAPATARI,"PACHANIA KHORAGAON","MOHANPUR PT- II","RIJAB PARA",Arsenic,1-04-2012
ASSAM,BONGAIGAON,TAPATARI,"PACHANIA KHORAGAON","PACHANIA PTT-II.","UZAN MUSLIM PARA",Iron,1-04-2012
ASSAM,BONGAIGAON,TAPATARI,MALEGARH,"TINKONIA PT- I","TINKONIA PT- I (GOBINDA PUR)",Arsenic,1-04-2012
ASSAM,BONGAIGAON,TAPATARI,MALEGARH,"TINKONIA PT- I","BHATI PARA",Arsenic,1-04-2012
ASSAM,BONGAIGAON,TAPATARI,MALEGARH,MALEGARHPT-II.,MUNSIPARA,Arsenic,1-04-2012
ASSAM,BONGAIGAON,TAPATARI,PIRADHARA,"NEW PIRADHARA","NEW PIRADHARA",Arsenic,1-04-2012
ASSAM,BONGAIGAON,TAPATARI,PIRADHARA,"NEW PIRADHARA","UTTAR PARA",Arsenic,1-04-2012
ASSAM,BONGAIGAON,TAPATARI,PIRADHARA,"PIKNA PARA","PIKNA PARA",Arsenic,1-04-2012
ASSAM,BONGAIGAON,TAPATARI,PIRADHARA,"PIKNA PARA","DAKHIN PARA",Arsenic,1-04-2012
ASSAM,BONGAIGAON,TAPATARI,PIRADHARA,"BEHULA PARA","BEHULA PARA",Arsenic,1-04-2012
ASSAM,BONGAIGAON,TAPATARI,PIRADHARA,"LATIBARI PT- II","LATIBARI PT- II",Arsenic,1-04-2012
ASSAM,BONGAIGAON,TAPATARI,PIRADHARA,"LATIBARI PT- II","KADOM TOLI",Arsenic,1-04-2012
ASSAM,BONGAIGAON,TAPATARI,PIRADHARA,"LATIBARI PT- II","PUB PARA",Arsenic,1-04-2012
ASSAM,BONGAIGAON,TAPATARI,PIRADHARA,"LATIBARI PT- III.","LATIBARI PT- III.",Arsenic,1-04-2012
ASSAM,BONGAIGAON,TAPATARI,PIRADHARA,"LATIBARI PT- III.","NAGHAR PARA",Arsenic,1-04-2012
ASSAM,BONGAIGAON,TAPATARI,PIRADHARA,"LATIBARI PT- III.","SARKAR PARA (B)",Arsenic,1-04-2012
ASSAM,BONGAIGAON,TAPATARI,PIRADHARA,"LATIBARI PT- III.","BAIJRAGHI PARA",Arsenic,1-04-2012
ASSAM,BONGAIGAON,TAPATARI,BARJANA,"CHOTA BARJANA","CHOTA BARJANA",Arsenic,1-04-2012
ASSAM,BONGAIGAON,TAPATARI,BARJANA,MADHUFALL,MADHUFALL,Arsenic,1-04-2012
ASSAM,BONGAIGAON,TAPATARI,BARJANA,MADHUFALL,"BHATI PARA",Arsenic,1-04-2012
ASSAM,BONGAIGAON,TAPATARI,SONTOSHPUR-DUMERGURI,"DUMERGURI PT- II","DUMERGURI PT- II.",Arsenic,1-04-2012
ASSAM,BONGAIGAON,TAPATARI,LENGTISINGA,JANERMUKH,LENGTISINGA,Arsenic,1-04-2012
ASSAM,BONGAIGAON,TAPATARI,LENGTISINGA,"JHAR PARA PT- II","NATUN BAZAR",Arsenic,1-04-2012
ASSAM,BONGAIGAON,TAPATARI,"NASASTRA BAGHAKHATI.","BHARALI PARA PT-I.","BHARALI PARA PT-I.",Arsenic,1-04-2012
ASSAM,BONGAIGAON,TAPATARI,"NASASTRA BAGHAKHATI.",BALARGUDAM,BALARGUDAM,Arsenic,1-04-2012
ASSAM,BONGAIGAON,BAITAMARI,KABAITARI,"KABAITARI PT-I.","KABAITARI PT-I.",Arsenic,1-04-2012
ASSAM,BONGAIGAON,BAITAMARI,KABAITARI,"KABAITARI PT-I.",MOHANPUR,Arsenic,1-04-2012
ASSAM,BONGAIGAON,BAITAMARI,KABAITARI,"KABAITARI PT-I.",MAZPARA,Arsenic,1-04-2012
ASSAM,BONGAIGAON,BAITAMARI,BALAPARA,"KHERPUJI PT-II.",MADHYAPARA,Iron,1-04-2012
ASSAM,BONGAIGAON,BAITAMARI,BALAPARA,BALAPARA,UTTARPARA,Iron,1-04-2012
ASSAM,BONGAIGAON,BAITAMARI,GHILAGURI,"NAYAGAON PT- I","NAYAGAON PT- I (MASLI PARA)",Arsenic,1-04-2012
ASSAM,BONGAIGAON,BAITAMARI,"CHALLANTA PARA","3366 CHALLANTA PARA PT- I","CHALLANTA PARA PT- I",Iron,1-04-2012
ASSAM,BONGAIGAON,BAITAMARI,"CHALLANTA PARA","3366 CHALLANTA PARA PT- I","HARIPANI - II",Iron,1-04-2012
ASSAM,BONGAIGAON,BAITAMARI,"CHALLANTA PARA",GOROIMARI,NALPARA`,Iron,1-04-2012
ASSAM,BONGAIGAON,BAITAMARI,"PUB MAJERALGA","ISARJARI PT- I","ISARJARI PT- I",Arsenic,1-04-2012
ASSAM,CHIRANG,MANIKPUR,PALENGBARI,"MONAKOSA NO.2","MONAKOSA PT-II",Iron,1-04-2012
ASSAM,CHIRANG,MANIKPUR,PALENGBARI,"MONAKOSA NO.2","SADAR PUMP",Iron,1-04-2012
ASSAM,CHIRANG,MANIKPUR,PALENGBARI,"MONAKOSA NO.2","MOZID PARA",Iron,1-04-2012
ASSAM,CHIRANG,MANIKPUR,PALENGBARI,"MONAKOSA NO.2","JAKUA PARA",Iron,1-04-2012
ASSAM,CHIRANG,MANIKPUR,PALENGBARI,"MONAKOSA NO.2",MARKET,Iron,1-04-2012
ASSAM,CHIRANG,MANIKPUR,PALENGBARI,"MONAKOSA NO.2","PACHIM PARA (MUSLIM PARA)",Iron,1-04-2012
ASSAM,CHIRANG,MANIKPUR,PALENGBARI,"MONAKOSA NO.2",GHUGRAKANDI,Iron,1-04-2012
ASSAM,CHIRANG,MANIKPUR,PALENGBARI,"MONAKOCHA NO.1","MONAKASA PT-I",Iron,1-04-2012
ASSAM,CHIRANG,MANIKPUR,PALENGBARI,KHARIJABISHPANI,"KARIJA BISHPANI",Iron,1-04-2012
ASSAM,CHIRANG,MANIKPUR,PALENGBARI,BEDELANGKHAITI,"BEDLENG KHITY",Iron,1-04-2012
ASSAM,CHIRANG,MANIKPUR,PALENGBARI,BEDELANGKHAITI,"UTTAR PARA",Iron,1-04-2012
ASSAM,CHIRANG,MANIKPUR,PALENGBARI,BEDELANGKHAITI,"BHATI PARA",Iron,1-04-2012
ASSAM,CHIRANG,MANIKPUR,PALENGBARI,"GOREMARI NO.3","GOROI MARI PT-III",Iron,1-04-2012
ASSAM,CHIRANG,MANIKPUR,PALENGBARI,"GOREMARI NO.3","GOALPARIYA PARA",Iron,1-04-2012
ASSAM,CHIRANG,MANIKPUR,PALENGBARI,"GOREMARI NO.3",MADHYAPARA,Iron,1-04-2012
ASSAM,CHIRANG,MANIKPUR,PALENGBARI,"GOREMARI NO.3",BHATIAPARA,Iron,1-04-2012
ASSAM,CHIRANG,MANIKPUR,PALENGBARI,"GOREMARI NO.3","ASSAMES PARA",Iron,1-04-2012
ASSAM,CHIRANG,MANIKPUR,PALENGBARI,"GOREMARI NO.3","BARBANDI PARA",Iron,1-04-2012
ASSAM,CHIRANG,MANIKPUR,PALENGBARI,"GOREMARI NO.3","PACHIM PARA",Iron,1-04-2012
ASSAM,CHIRANG,MANIKPUR,ALUKHUNDA,DHUPURI,"NAMA PARA",Iron,1-04-2012
ASSAM,CHIRANG,MANIKPUR,ALUKHUNDA,"GOREMARI NO.2","DAKHIN PARA",Iron,1-04-2012
ASSAM,CHIRANG,MANIKPUR,ALUKHUNDA,"GOREMARI NO.2",SILKOWUARY-II,Iron,1-04-2012
ASSAM,CHIRANG,MANIKPUR,ALUKHUNDA,BISHDOBA,"BOW PARA",Iron,1-04-2012
ASSAM,CHIRANG,MANIKPUR,"BHETA GAON","CHATIANGURI NO.2","CHATIAN GURI PT-II",Iron,1-04-2012
ASSAM,CHIRANG,MANIKPUR,"BHETA GAON","CHATIANGURI NO.2","PUB PARA",Iron,1-04-2012
ASSAM,CHIRANG,MANIKPUR,"BHETA GAON",MATIAPARA,"POCHIM PARA",Iron,1-04-2012
ASSAM,CHIRANG,MANIKPUR,"BHETA GAON",MATIAPARA,"PUB PARA",Iron,1-04-2012
ASSAM,CHIRANG,MANIKPUR,"BHETA GAON","CHOTOLAWGOAN NO.1","CHOTOLAW GAON PT-I",Iron,1-04-2012
ASSAM,CHIRANG,MANIKPUR,"BHETA GAON","CHOTOLAWGOAN NO.1","UTTAR PARA",Iron,1-04-2012
ASSAM,CHIRANG,MANIKPUR,"BHETA GAON","DONGAGAON NO.2","UTTAR PARA",Iron,1-04-2012
ASSAM,CHIRANG,MANIKPUR,"BHETA GAON","CHATIANGURI NO.1","CHATIAN GURI PT-I",Iron,1-04-2012
ASSAM,CHIRANG,MANIKPUR,"BHETA GAON","CHATIANGURI NO.1","UTTAR PARA",Iron,1-04-2012
ASSAM,CHIRANG,MANIKPUR,"BHETA GAON",BORLESIAGAON,"BORLESIA GAON",Iron,1-04-2012
ASSAM,CHIRANG,MANIKPUR,"BHETA GAON",BORLESIAGAON,"BARMAN PARA",Iron,1-04-2012
ASSAM,CHIRANG,MANIKPUR,"BHETA GAON","BHATIPARA [MANIKPUR]","BHATI PARA",Iron,1-04-2012
ASSAM,CHIRANG,MANIKPUR,"BHETA GAON","BHATIPARA [MANIKPUR]","DAS PARA",Iron,1-04-2012
ASSAM,CHIRANG,MANIKPUR,"BHETA GAON","BHATIPARA [MANIKPUR]","SAWTAL PARA",Iron,1-04-2012
ASSAM,CHIRANG,MANIKPUR,"FAGUNAGAON KOPTUPLI","FAGUNAGAON NO.2","FAGUNA GAON PT-II (RAJBONGSHI PARA)",Iron,1-04-2012
ASSAM,BONGAIGAON,MANIKPUR,"FAGUNA GAON- KOPTUPOLI","SUPARIGURI NO.1","BARMAN PARA",Iron,1-04-2012
ASSAM,CHIRANG,MANIKPUR,"FAGUNAGAON KOPTUPLI",PURANBIJNI,PACHDUWAR,Iron,1-04-2012
ASSAM,CHIRANG,MANIKPUR,"FAGUNAGAON KOPTUPLI",PURANBIJNI,CHAKTALA,Iron,1-04-2012
ASSAM,CHIRANG,MANIKPUR,"FAGUNAGAON KOPTUPLI",PURANBIJNI,"KAJI PARA",Iron,1-04-2012
ASSAM,CHIRANG,MANIKPUR,"FAGUNAGAON KOPTUPLI",MONESWARI,"NORTH MONESWARI",Iron,1-04-2012
ASSAM,CHIRANG,MANIKPUR,"FAGUNAGAON KOPTUPLI",KOPTUPULI,"KOPTUPOLI-BODO PARA",Iron,1-04-2012
ASSAM,CHIRANG,MANIKPUR,"FAGUNAGAON KOPTUPLI",KOPTUPULI,"BATA BARI",Iron,1-04-2012
ASSAM,CHIRANG,MANIKPUR,"FAGUNAGAON KOPTUPLI",KOPTUPULI,"BENGULI PARA",Iron,1-04-2012
ASSAM,CHIRANG,MANIKPUR,"FAGUNAGAON KOPTUPLI",KOPTUPULI,"BHOTUA BARI BODO PARA",Iron,1-04-2012
ASSAM,CHIRANG,MANIKPUR,"FAGUNAGAON KOPTUPLI",SARAGAON-2,SARAGAON-2,Iron,1-04-2012
ASSAM,CHIRANG,MANIKPUR,"FAGUNAGAON KOPTUPLI",SARAGAON-2,"DAS PARA",Iron,1-04-2012
ASSAM,CHIRANG,MANIKPUR,"FAGUNAGAON KOPTUPLI",SARAGAON-2,"BENGULI PARA",Iron,1-04-2012
ASSAM,CHIRANG,MANIKPUR,"DOTORI BATABARI",DOTORI,"DOTORI (DAKHIN PARA)",Iron,1-04-2012
ASSAM,CHIRANG,MANIKPUR,"DOTORI BATABARI",DOTORI,"HARIJAN PARA",Iron,1-04-2012
ASSAM,CHIRANG,MANIKPUR,"DOTORI BATABARI",DOTORI,"MAJAR PARA",Iron,1-04-2012
ASSAM,CHIRANG,MANIKPUR,"DOTORI BATABARI",DOTORI,"DAKHIN PARA",Iron,1-04-2012
ASSAM,CHIRANG,MANIKPUR,"DOTORI BATABARI",KOCHPARA,"UTTAR PARA",Iron,1-04-2012
ASSAM,CHIRANG,MANIKPUR,"DOTORI BATABARI",KOCHPARA,"DAKHIN PARA",Iron,1-04-2012
ASSAM,CHIRANG,MANIKPUR,"DOTORI BATABARI","GARGAON NO.2","GARGAON NO.2",Iron,1-04-2012
ASSAM,CHIRANG,MANIKPUR,"DOTORI BATABARI","GARGAON NO.1","DAKHIN GARGAON",Iron,1-04-2012
ASSAM,CHIRANG,MANIKPUR,"DOTORI BATABARI","GARGAON NO.1","PUB GARGAON",Iron,1-04-2012
ASSAM,CHIRANG,MANIKPUR,"DOTORI BATABARI",BATABARI,"HAJANG PARA",Iron,1-04-2012
ASSAM,CHIRANG,MANIKPUR,"DOTORI BATABARI","3830 KAWATIKA",KAWATIKA,Iron,1-04-2012
ASSAM,CHIRANG,MANIKPUR,"DOTORI BATABARI","3830 KAWATIKA","MUSLIM PARA",Iron,1-04-2012
ASSAM,CHIRANG,MANIKPUR,"DOTORI BATABARI","3830 KAWATIKA","HARIZON PARA",Iron,1-04-2012
ASSAM,CHIRANG,MANIKPUR,"DOTORI BATABARI","3830 KAWATIKA","NATUN BASTI",Iron,1-04-2012
ASSAM,CHIRANG,MANIKPUR,"DOTORI BATABARI","3830 KAWATIKA",AMGURI,Iron,1-04-2012
ASSAM,CHIRANG,MANIKPUR,"DOTORI BATABARI","CHARAPET NO.1","PUB PARA",Iron,1-04-2012
ASSAM,CHIRANG,MANIKPUR,"DOTORI BATABARI","CHARAPET NO.2","PUB CHUBA",Iron,1-04-2012
ASSAM,CHIRANG,MANIKPUR,"DOTORI BATABARI","CHARAPET NO.2","PACHIM CHUBA",Iron,1-04-2012
ASSAM,CHIRANG,MANIKPUR,"DOTORI BATABARI","BHOLATOL NO.1","MUSLIM PARA",Iron,1-04-2012
ASSAM,CHIRANG,MANIKPUR,"DOTORI BATABARI","BHOLATOL NO.1","PUB CHUBA",Iron,1-04-2012
ASSAM,CHIRANG,MANIKPUR,"DOTORI BATABARI","3797 BHOLATOL NO.2","MUSLIM PARA",Iron,1-04-2012
ASSAM,CHIRANG,MANIKPUR,"BAGHMARA CHOURAGURI","3804 KHUJREBGURI","PUB PARA",Iron,1-04-2012
ASSAM,CHIRANG,MANIKPUR,"BAGHMARA CHOURAGURI","3804 KHUJREBGURI",KHUJRABGURI,Iron,1-04-2012
ASSAM,CHIRANG,MANIKPUR,"BAGHMARA CHOURAGURI","3802 SISU BARI N0-2","SISUBARI N0-2",Iron,1-04-2012
ASSAM,CHIRANG,MANIKPUR,"BAGHMARA CHOURAGURI","3802 SISU BARI N0-2","PUB PARA",Iron,1-04-2012
ASSAM,CHIRANG,MANIKPUR,"BAGHMARA CHOURAGURI","3816 MAJRA BARI N01","PUB PARA",Iron,1-04-2012
ASSAM,CHIRANG,MANIKPUR,"BAGHMARA CHOURAGURI","3816 MAJRA BARI N01","PACHIM PARA",Iron,1-04-2012
ASSAM,CHIRANG,MANIKPUR,"BAGHMARA CHOURAGURI","3816 MAJRA BARI N01","UTTAR PARA",Iron,1-04-2012
ASSAM,CHIRANG,MANIKPUR,"BAGHMARA CHOURAGURI","3816 MAJRA BARI N01","DAKHIN PARA",Iron,1-04-2012
ASSAM,CHIRANG,MANIKPUR,"BAGHMARA CHOURAGURI","3815 MAJRABARI N0-2","PUB PARA",Iron,1-04-2012
ASSAM,CHIRANG,MANIKPUR,"BAGHMARA CHOURAGURI","3815 MAJRABARI N0-2","PACHIM PARA",Iron,1-04-2012
ASSAM,CHIRANG,MANIKPUR,"BAGHMARA CHOURAGURI","3815 MAJRABARI N0-2","UTTAR PARA",Iron,1-04-2012
ASSAM,CHIRANG,MANIKPUR,"BAGHMARA CHOURAGURI","3801 SISU BARI N0-1","SISUBARI N0-1",Iron,1-04-2012
ASSAM,CHIRANG,MANIKPUR,"BAGHMARA CHOURAGURI","3801 SISU BARI N0-1","PUB PARA",Iron,1-04-2012
ASSAM,CHIRANG,MANIKPUR,"BAGHMARA CHOURAGURI","3801 SISU BARI N0-1","PACHIM PARA",Iron,1-04-2012
ASSAM,CHIRANG,MANIKPUR,DONGAIGAON,"3888 SIALMARI","PACHIM PARA",Iron,1-04-2012
ASSAM,CHIRANG,MANIKPUR,DONGAIGAON,"3888 SIALMARI","UTTAR PARA",Iron,1-04-2012
ASSAM,CHIRANG,MANIKPUR,DONGAIGAON,SATROSING,SATROSING,Iron,1-04-2012
ASSAM,CHIRANG,MANIKPUR,DONGAIGAON,"3892 NADIA PARA","NADIA PARA",Iron,1-04-2012
ASSAM,CHIRANG,MANIKPUR,DONGAIGAON,"3892 NADIA PARA","UTTAR PARA",Iron,1-04-2012
ASSAM,CHIRANG,MANIKPUR,DONGAIGAON,"3892 NADIA PARA","DAKHIN PARA",Iron,1-04-2012
ASSAM,CHIRANG,MANIKPUR,DONGAIGAON,"3892 NADIA PARA","RAY BASTI",Iron,1-04-2012
ASSAM,CHIRANG,MANIKPUR,DONGAIGAON,"3892 NADIA PARA","PACHIM PARA",Iron,1-04-2012
ASSAM,CHIRANG,MANIKPUR,DONGAIGAON,"3891 KASHDOHA","MUSLIM PARA",Iron,1-04-2012
ASSAM,CHIRANG,MANIKPUR,DONGAIGAON,"3891 KASHDOHA","RAY BASTI",Iron,1-04-2012
ASSAM,CHIRANG,MANIKPUR,DONGAIGAON,"3891 KASHDOHA","BORO BASTI",Iron,1-04-2012
ASSAM,CHIRANG,MANIKPUR,DONGAIGAON,"3906 KUMAR GAON","RAY PARA",Iron,1-04-2012
ASSAM,CHIRANG,MANIKPUR,DONGAIGAON,"3906 KUMAR GAON",SAMTHAIBARI,Iron,1-04-2012
ASSAM,CHIRANG,MANIKPUR,DONGAIGAON,"3890 DONGAIGAON","MAHADI PARA",Iron,1-04-2012
ASSAM,CHIRANG,MANIKPUR,DONGAIGAON,"3890 DONGAIGAON","BORO PARA",Iron,1-04-2012
ASSAM,CHIRANG,MANIKPUR,DONGAIGAON,"3890 DONGAIGAON","RAY PARA",Iron,1-04-2012
ASSAM,CHIRANG,BOROBAZAR,KOILAMOILA,"DOILLONG NO.3","DAS PARA",Iron,1-04-2012
ASSAM,CHIRANG,BOROBAZAR,KOILAMOILA,"KOLIAMOLIA F.V.","THAIGWIR GURI NO.1",Iron,1-04-2012
ASSAM,CHIRANG,BOROBAZAR,KOILAMOILA,"KOLIAMOLIA F.V.","HATIMURA NO.1",Iron,1-04-2012
ASSAM,CHIRANG,BOROBAZAR,KOILAMOILA,"KOLIAMOLIA F.V.",GARIBHANGA,Iron,1-04-2012
ASSAM,CHIRANG,BOROBAZAR,KOILAMOILA,"KOLIAMOLIA F.V.","PORBOT JHORA",Iron,1-04-2012
ASSAM,CHIRANG,BOROBAZAR,KOILAMOILA,BISHPANI,"DAKHIN PARA",Iron,1-04-2012
ASSAM,CHIRANG,BOROBAZAR,KOILAMOILA,BISHPANI,"MADHYA PARA",Iron,1-04-2012
ASSAM,CHIRANG,BOROBAZAR,KOILAMOILA,BISHPANI,"BHALUK PARA",Iron,1-04-2012
ASSAM,CHIRANG,BOROBAZAR,KOILAMOILA,BISHPANI,"NEPALI PARA-I",Iron,1-04-2012
ASSAM,CHIRANG,BOROBAZAR,KOILAMOILA,BISHPANI,"UTTAR PARA",Iron,1-04-2012
ASSAM,CHIRANG,BOROBAZAR,KOILAMOILA,"KANAMARA F.V.",PUBPARA,Iron,1-04-2012
ASSAM,CHIRANG,BOROBAZAR,KOILAMOILA,LAKHIJHORA-1,"NARAYAN PUR",Iron,1-04-2012
ASSAM,CHIRANG,BOROBAZAR,KOILAMOILA,LAKHIJHORA-1,"KUTIR PARA",Iron,1-04-2012
ASSAM,CHIRANG,BOROBAZAR,KOILAMOILA,"BORPATHAR NO. 1","BARAPATHER PART III",Iron,1-04-2012
ASSAM,CHIRANG,BOROBAZAR,KOILAMOILA,"BORPATHAR NO. 1","MUKHAWA PARA",Iron,1-04-2012
ASSAM,CHIRANG,BOROBAZAR,KHUNKRAJHORA-DURGAPUR,"3731 BORLOW GAON","EAST BOROLAGAON",Iron,1-04-2012
ASSAM,CHIRANG,BOROBAZAR,KHUNKRAJHORA-DURGAPUR,"3718 DOHELAPARA","SOUTH DOHELAPARA",Iron,1-04-2012
ASSAM,CHIRANG,BOROBAZAR,KHUNKRAJHORA-DURGAPUR,"3718 DOHELAPARA","EAST DOHELAPARA",Iron,1-04-2012
ASSAM,CHIRANG,BOROBAZAR,KHUNKRAJHORA-DURGAPUR,"3718 DOHELAPARA","WEST DOHELAPARA",Iron,1-04-2012
ASSAM,CHIRANG,BOROBAZAR,KHUNKRAJHORA-DURGAPUR,"3712 PATKIGURI",BOROPARA,Iron,1-04-2012
ASSAM,CHIRANG,BOROBAZAR,KHUNKRAJHORA-DURGAPUR,"3712 PATKIGURI","PATKIGURI PUB",Iron,1-04-2012
ASSAM,CHIRANG,BOROBAZAR,KHUNKRAJHORA-DURGAPUR,"3712 PATKIGURI","UTTAR PARA",Iron,1-04-2012
ASSAM,CHIRANG,BOROBAZAR,KHUNKRAJHORA-DURGAPUR,"3712 PATKIGURI","DAKHIN PARA",Iron,1-04-2012
ASSAM,CHIRANG,BOROBAZAR,KHUNKRAJHORA-DURGAPUR,"3712 PATKIGURI","MADHYA PARA",Iron,1-04-2012
ASSAM,CHIRANG,BOROBAZAR,KHUNKRAJHORA-DURGAPUR,"3733 PUB MAKRA","DAKHIN PARA",Iron,1-04-2012
ASSAM,CHIRANG,BOROBAZAR,KHUNKRAJHORA-DURGAPUR,KUNGKHURAJHORA,"PACHIM PARA",Iron,1-04-2012
ASSAM,CHIRANG,BOROBAZAR,KHUNKRAJHORA-DURGAPUR,"BALDI NO.2","NANDOR BARI",Iron,1-04-2012
ASSAM,CHIRANG,BOROBAZAR,BAGARGAON,"3787 BAGARGAON","DAKHIN PARA",Iron,1-04-2012
ASSAM,CHIRANG,BOROBAZAR,BAGARGAON,PUBKHAMARPARA,"PUB KHAMAR PARA",Iron,1-04-2012
ASSAM,CHIRANG,BOROBAZAR,BAGARGAON,PUBKHAMARPARA,"PACHIM KHAMARPARA",Iron,1-04-2012
ASSAM,CHIRANG,BOROBAZAR,BAGARGAON,PUBKHAMARPARA,"UTTAR PARA",Iron,1-04-2012
ASSAM,CHIRANG,BOROBAZAR,BAGARGAON,PUBKHAMARPARA,"NATUN BASTI",Iron,1-04-2012
ASSAM,CHIRANG,BOROBAZAR,BAGARGAON,NOWAGAON,"PACHIM PARA",Iron,1-04-2012
ASSAM,CHIRANG,BOROBAZAR,BAGARGAON,"3789 SILKHA GURI N0-2","SILKHAGURI N0-2",Iron,1-04-2012
ASSAM,CHIRANG,BOROBAZAR,BAGARGAON,"3789 SILKHA GURI N0-2","PUB PARA",Iron,1-04-2012
ASSAM,CHIRANG,BOROBAZAR,BAGARGAON,"3789 SILKHA GURI N0-2","PACHIM PARA",Iron,1-04-2012
ASSAM,CHIRANG,BOROBAZAR,BAGARGAON,"3789 SILKHA GURI N0-2","DAKHIN PARA",Iron,1-04-2012
ASSAM,CHIRANG,BOROBAZAR,BAGARGAON,"3789 SILKHA GURI N0-2","UTTAR  PARA",Iron,1-04-2012
ASSAM,CHIRANG,BOROBAZAR,BAGARGAON,"3781 BETBARI NO.1","BETBARI NO.1",Iron,1-04-2012
ASSAM,CHIRANG,BOROBAZAR,BAGARGAON,"3781 BETBARI NO.1","DAKHIN PARA",Iron,1-04-2012
ASSAM,CHIRANG,BOROBAZAR,BAGARGAON,"3782 BET BARI N0-2","PUB PARA",Iron,1-04-2012
ASSAM,CHIRANG,BOROBAZAR,BAGARGAON,"3782 BET BARI N0-2","PACHIM PARA",Iron,1-04-2012
ASSAM,CHIRANG,BOROBAZAR,BAGARGAON,"3782 BET BARI N0-2","BENGOLI PARA",Iron,1-04-2012
ASSAM,CHIRANG,BOROBAZAR,BAGARGAON,"3783 PURAKOLA",PURAKOLA,Iron,1-04-2012
ASSAM,CHIRANG,BOROBAZAR,BAGARGAON,"3783 PURAKOLA","PACHIM PARA",Iron,1-04-2012
ASSAM,CHIRANG,BOROBAZAR,BAGARGAON,"3849 DEWA GURI","DEWA GURI",Iron,1-04-2012
ASSAM,CHIRANG,BOROBAZAR,BAGARGAON,"3849 DEWA GURI","BAW BARI",Iron,1-04-2012
ASSAM,CHIRANG,BOROBAZAR,BAGARGAON,"3849 DEWA GURI","PACHIM DEWAGURI",Iron,1-04-2012
ASSAM,CHIRANG,BOROBAZAR,BAGARGAON,"3785 LARU GAON N0-1","LARU GAON N0-1",Iron,1-04-2012
ASSAM,CHIRANG,BOROBAZAR,BAGARGAON,"3785 LARU GAON N0-1","BORO BASTI",Iron,1-04-2012
ASSAM,CHIRANG,BOROBAZAR,BAGARGAON,"3785 LARU GAON N0-1","PACHIM LARU GAON",Iron,1-04-2012
ASSAM,CHIRANG,BOROBAZAR,BAGARGAON,"3786 LARU GAON N0=2","LARU GAON N0-2",Iron,1-04-2012
ASSAM,CHIRANG,BOROBAZAR,BAGARGAON,"3786 LARU GAON N0=2","MUSLIM PARA",Iron,1-04-2012
ASSAM,CHIRANG,BOROBAZAR,BAGARGAON,"3786 LARU GAON N0=2","SOUTAL PARA",Iron,1-04-2012
ASSAM,CHIRANG,BOROBAZAR,BAGARGAON,"3794 ELENG MARI","ELENG MARI",Iron,1-04-2012
ASSAM,CHIRANG,BOROBAZAR,BAGARGAON,"3794 ELENG MARI","PUB PARAQ",Iron,1-04-2012
ASSAM,CHIRANG,BOROBAZAR,BAGARGAON,"3794 ELENG MARI","PACHI PARA",Iron,1-04-2012
ASSAM,CHIRANG,BOROBAZAR,ULUBARI,SILIKHAGURI,"PACHIM PARA",Iron,1-04-2012
ASSAM,CHIRANG,BOROBAZAR,ULUBARI,SILIKHAGURI,"BARMAN PARA",Iron,1-04-2012
ASSAM,CHIRANG,BOROBAZAR,ULUBARI,"3737 KUNTHAIBARI",KUNTAIBARI,Iron,1-04-2012
ASSAM,CHIRANG,BOROBAZAR,ULUBARI,"3737 KUNTHAIBARI","DELAI PARA",Iron,1-04-2012
ASSAM,CHIRANG,BOROBAZAR,ULUBARI,"3737 KUNTHAIBARI","PANCHIM KUNTAI BARI",Iron,1-04-2012
ASSAM,CHIRANG,BOROBAZAR,ULUBARI,"3784 ULU BARI","ULU BARAI",Iron,1-04-2012
ASSAM,CHIRANG,BOROBAZAR,ULUBARI,"3784 ULU BARI","LANG DANG PARA",Iron,1-04-2012
ASSAM,CHIRANG,BOROBAZAR,ULUBARI,"3784 ULU BARI","BORO PARA",Iron,1-04-2012
ASSAM,CHIRANG,BOROBAZAR,ULUBARI,"3784 ULU BARI","ROY PARA",Iron,1-04-2012
ASSAM,CHIRANG,BOROBAZAR,ULUBARI,BAMUNIJHORA,"PACHIM PAERA",Iron,1-04-2012
ASSAM,CHIRANG,BOROBAZAR,ULUBARI,BAMUNIJHORA,"CHOWHAN BASTI",Iron,1-04-2012
ASSAM,CHIRANG,BOROBAZAR,ULUBARI,BAMUNIJHORA,"DAILONG JHAR",Iron,1-04-2012
ASSAM,CHIRANG,BOROBAZAR,ULUBARI,"3738 PHULKUMARI","RIJAB PARA",Iron,1-04-2012
ASSAM,CHIRANG,BOROBAZAR,ULUBARI,"3738 PHULKUMARI","DAKHIN PARA",Iron,1-04-2012
ASSAM,CHIRANG,BOROBAZAR,ULUBARI,"3738 PHULKUMARI","MADHYA PARA",Iron,1-04-2012
ASSAM,CHIRANG,BOROBAZAR,ULUBARI,"3738 PHULKUMARI","NATUN BASTI",Iron,1-04-2012
ASSAM,CHIRANG,BOROBAZAR,ULUBARI,"3738 PHULKUMARI","NATH PARA",Iron,1-04-2012
ASSAM,CHIRANG,BOROBAZAR,ULUBARI,"3738 PHULKUMARI","PUB PARA",Iron,1-04-2012
ASSAM,CHIRANG,BOROBAZAR,ULUBARI,"3749 BOR GAON","ANACHAY PURI",Iron,1-04-2012
ASSAM,CHIRANG,BOROBAZAR,ULUBARI,"3749 BOR GAON","BRAHMA PARA",Iron,1-04-2012
ASSAM,CHIRANG,BOROBAZAR,ULUBARI,"3784 BARI PARA BANDU GURI","UTTAR PARA [BISPANI]",Iron,1-04-2012
ASSAM,CHIRANG,BOROBAZAR,ULUBARI,"3821 KHARIJA BISPQNI","KHARIJA BISPANI",Iron,1-04-2012
ASSAM,CHIRANG,BOROBAZAR,ULUBARI,"3821 KHARIJA BISPQNI","DAKHIN PARA",Iron,1-04-2012
ASSAM,CHIRANG,BOROBAZAR,ULUBARI,"3735 DEWAN PARA -1","PUB PARA",Iron,1-04-2012
ASSAM,CHIRANG,BOROBAZAR,ULUBARI,"3713 SIMLAGURI",SIMLAGURI,Iron,1-04-2012
ASSAM,CHIRANG,BOROBAZAR,"BORO BAZAR",KHAMARGURI,"KHAMAR GURI",Iron,1-04-2012
ASSAM,CHIRANG,BOROBAZAR,"BORO BAZAR",KHAMARGURI,"PUB PARA",Iron,1-04-2012
ASSAM,CHIRANG,BOROBAZAR,DARANGA,"33109 DARANGA -1","ANNADA BAZAR",Iron,1-04-2012
ASSAM,CHIRANG,BOROBAZAR,DARANGA,"33109 DARANGA -1",DANGAIGAON,Iron,1-04-2012
ASSAM,CHIRANG,BOROBAZAR,DARANGA,"33118 SONAIKOLA","ROY PARA",Iron,1-04-2012
ASSAM,CHIRANG,BOROBAZAR,DARANGA,"33113 DOHALADANDA - 1","DOHALADANDA - 1 (CHUTTAR PARA)",Iron,1-04-2012
ASSAM,CHIRANG,BOROBAZAR,DARANGA,"33113 DOHALADANDA - 1","GAM PARA",Iron,1-04-2012
ASSAM,CHIRANG,BOROBAZAR,DARANGA,"33117 SIKAJHORA - 3","CHOUHAN PARA",Iron,1-04-2012
ASSAM,CHIRANG,BOROBAZAR,DARANGA,"33114 SEKAJHORA - 1","SEKAJHORA - 1",Iron,1-04-2012
ASSAM,CHIRANG,BOROBAZAR,DARANGA,"33114 SEKAJHORA - 1","NATH PARA",Iron,1-04-2012
ASSAM,CHIRANG,BOROBAZAR,DARANGA,"33114 SEKAJHORA - 1","PUB PARA",Iron,1-04-2012
ASSAM,CHIRANG,BOROBAZAR,DARANGA,"33119 JHARBISHPANI","DAKHIN PARA",Iron,1-04-2012
ASSAM,CHIRANG,BOROBAZAR,PANBARI,"THAISOBARI NO.2","ZAR BARI",Iron,1-04-2012
ASSAM,CHIRANG,BOROBAZAR,SUBHAIJHAR,"MONKOCHA [SILBARI]","PUB PARA",Iron,1-04-2012
ASSAM,CHIRANG,BOROBAZAR,SUBHAIJHAR,"TANGUBARI NO.1","TANGABARI PT-I",Iron,1-04-2012
ASSAM,CHIRANG,BOROBAZAR,SUBHAIJHAR,SUBHAIJHAR,GUTHIBARI,Iron,1-04-2012
ASSAM,CHIRANG,BOROBAZAR,SUBHAIJHAR,SUBHAIJHAR,"HAPI PARA",Iron,1-04-2012
ASSAM,CHIRANG,BOROBAZAR,BALLAMGURI,"DONSIAPARA NO.1","RAVA PARA",Iron,1-04-2012
ASSAM,CHIRANG,BOROBAZAR,BALLAMGURI,"UTTARPARA NO.1","UTTAR PARA - I",Iron,1-04-2012
ASSAM,CHIRANG,BOROBAZAR,BALLAMGURI,"UTTARPARA NO.1",BATABARI,Iron,1-04-2012
ASSAM,CHIRANG,BOROBAZAR,BALLAMGURI,BALLOMGURI,"UTTAR BALLAMGURI",Iron,1-04-2012
ASSAM,CHIRANG,BOROBAZAR,BALLAMGURI,"KUMARSALI PATHAR",RINGKHANGURI,Iron,1-04-2012
ASSAM,CHIRANG,BOROBAZAR,BALLAMGURI,"FORNAISALI F.V.","FORMAISALI N.C. FOREST",Iron,1-04-2012
ASSAM,CHIRANG,BOROBAZAR,BALLAMGURI,"FORNAISALI F.V.",LUKRIGURI,Iron,1-04-2012
ASSAM,CHIRANG,BOROBAZAR,BALLAMGURI,SIMLAGURI,SIMLAGURI,Iron,1-04-2012
ASSAM,CHIRANG,BOROBAZAR,BALLAMGURI,PURADIA,PURADIA,Iron,1-04-2012
ASSAM,CHIRANG,BOROBAZAR,BALLAMGURI,"BORALADANGURI NO.1","HADAN PARA",Iron,1-04-2012
ASSAM,CHIRANG,BOROBAZAR,BALLAMGURI,"BURALADANGURI NO.2","BOROLADANGURI - II",Iron,1-04-2012
ASSAM,CHIRANG,BOROBAZAR,OXIGURI,"3695 BHUMKI PARA","BODO PARA",Iron,1-04-2012
ASSAM,CHIRANG,BOROBAZAR,SILBARI-BHOWRAGURI,"3715 LAKRIGURI",LAKRIGURI,Iron,1-04-2012
ASSAM,CHIRANG,BOROBAZAR,SILBARI-BHOWRAGURI,"3715 LAKRIGURI","BORO PARA",Iron,1-04-2012
ASSAM,CHIRANG,BOROBAZAR,SILBARI-BHOWRAGURI,"3715 LAKRIGURI","MUSLIM PARA",Iron,1-04-2012
ASSAM,CHIRANG,BOROBAZAR,SILBARI-BHOWRAGURI,"3719 PACHIM MAKRA","PUB PARA",Iron,1-04-2012
ASSAM,CHIRANG,BOROBAZAR,SILBARI-BHOWRAGURI,"3719 PACHIM MAKRA","UTTAR PARA",Iron,1-04-2012
ASSAM,CHIRANG,BOROBAZAR,SILBARI-BHOWRAGURI,"3676 SILBARI","ANTHAI BARI",Iron,1-04-2012
ASSAM,CHIRANG,BOROBAZAR,SILBARI-BHOWRAGURI,"3676 SILBARI","BANGUT BARI",Iron,1-04-2012
ASSAM,CHIRANG,BOROBAZAR,SILBARI-BHOWRAGURI,"3694 SILBARI ABADI PARA","SELTHEN PARA (ABADI PARA)",Iron,1-04-2012
ASSAM,CHIRANG,BOROBAZAR,SILBARI-BHOWRAGURI,"3694 SILBARI ABADI PARA","NORTH SILBARI ABADI PARA",Iron,1-04-2012
ASSAM,CHIRANG,BOROBAZAR,SILBARI-BHOWRAGURI,"3694 SILBARI ABADI PARA","ROY BASTI",Iron,1-04-2012
ASSAM,CHIRANG,BOROBAZAR,SILBARI-BHOWRAGURI,"3717 MAKHANAGURI",MAKHANAGURI,Iron,1-04-2012
ASSAM,CHIRANG,BOROBAZAR,SILBARI-BHOWRAGURI,"3717 MAKHANAGURI","BENGALI PARA",Iron,1-04-2012
ASSAM,CHIRANG,BOROBAZAR,SILBARI-BHOWRAGURI,"3717 MAKHANAGURI","HARANG PARA",Iron,1-04-2012
ASSAM,CHIRANG,BOROBAZAR,SILBARI-BHOWRAGURI,"3717 MAKHANAGURI","BARMAN BASTI",Iron,1-04-2012
ASSAM,CHIRANG,BOROBAZAR,SILBARI-BHOWRAGURI,"3717 MAKHANAGURI","DAS PARA",Iron,1-04-2012
ASSAM,CHIRANG,BOROBAZAR,SILBARI-BHOWRAGURI,"3700 DDAKHIN MAKATRA -IV.",SADHUPARA,Iron,1-04-2012
ASSAM,CHIRANG,BOROBAZAR,SILBARI-BHOWRAGURI,"3700 DDAKHIN MAKATRA -IV.","FAKIR PARA",Iron,1-04-2012
ASSAM,CHIRANG,BOROBAZAR,SILBARI-BHOWRAGURI,"3700 DDAKHIN MAKATRA -IV.",DANGAIGAON,Iron,1-04-2012
ASSAM,CHIRANG,BOROBAZAR,SILBARI-BHOWRAGURI,"3697 DAKHIN MAKRA NO.-3","DKAKHIN MAKRA NO.3",Iron,1-04-2012
ASSAM,CHIRANG,BOROBAZAR,SILBARI-BHOWRAGURI,"3697 DAKHIN MAKRA NO.-3","BENGULI PARA",Iron,1-04-2012
ASSAM,CHIRANG,BOROBAZAR,SILBARI-BHOWRAGURI,"3697 DAKHIN MAKRA NO.-3","BRAHMA PARA",Iron,1-04-2012
ASSAM,CHIRANG,BOROBAZAR,SILBARI-BHOWRAGURI,"3697 DAKHIN MAKRA NO.-3","DAKHIN PARA",Iron,1-04-2012
ASSAM,CHIRANG,BOROBAZAR,ROWMARI,KHUMARPARA,"PUB KHAMAR PARA",Iron,1-04-2012
ASSAM,CHIRANG,BOROBAZAR,ROWMARI,KHUMARPARA,"MUSLIM BASTI",Iron,1-04-2012
ASSAM,CHIRANG,BOROBAZAR,ROWMARI,"ODAL GURI NO.-3","DAKHIN PARA",Iron,1-04-2012
ASSAM,CHIRANG,BOROBAZAR,ROWMARI,PACHIMGUMARGAON,"PACHAM GUMAR GAON",Iron,1-04-2012
ASSAM,CHIRANG,BOROBAZAR,"SILBARI - BHOWRAGURI",MANIKPUR,"MANIK PUR",Iron,1-04-2012
ASSAM,CHIRANG,BOROBAZAR,"SILBARI - BHOWRAGURI",ELENGMARI,"ELENG MARI",Iron,1-04-2012
ASSAM,CHIRANG,BOROBAZAR,"SILBARI - BHOWRAGURI",ELENGMARI,"MANDAR GURI",Iron,1-04-2012
ASSAM,CHIRANG,BOROBAZAR,"SILBARI - BHOWRAGURI","JOY PUR","DAKHIN PARA",Iron,1-04-2012
ASSAM,CHIRANG,BOROBAZAR,"SILBARI - BHOWRAGURI",SIMLAGURI,"SIMLA GURI",Iron,1-04-2012
ASSAM,CHIRANG,BOROBAZAR,"SILBARI - BHOWRAGURI",RAJPARA,"BORO BASTI",Iron,1-04-2012
ASSAM,CHIRANG,BOROBAZAR,AMTEKA,"AMTEKA F.V.","SERFANG GURI",Iron,1-04-2012
ASSAM,CHIRANG,BOROBAZAR,AMTEKA,"AMTEKA F.V.","JINJRI BIL",Iron,1-04-2012
ASSAM,CHIRANG,BOROBAZAR,AMTEKA,"AMTEKA F.V.","BEL GURI NO.1",Iron,1-04-2012
ASSAM,CHIRANG,BOROBAZAR,AMTEKA,"AMTEKA F.V.","SAL BARI NO.2",Iron,1-04-2012
ASSAM,CHIRANG,BOROBAZAR,AMTEKA,"AMTEKA F.V.","ROW MARI",Iron,1-04-2012
ASSAM,BONGAIGAON,SRIJANGRAM,"NUMBER PARA CHAKLA","NUMBER PARA PT-II.","DAKHINPARA (PUB)",Arsenic,1-04-2012
ASSAM,BONGAIGAON,SRIJANGRAM,"NUMBER PARA CHAKLA","NUMBER PARA PT-I","PUB PARA",Arsenic,1-04-2012
ASSAM,BONGAIGAON,SRIJANGRAM,"KIRTON PARA","HALDIBARI PT- I","DAKHIN PARA",Arsenic,1-04-2012
ASSAM,BONGAIGAON,SRIJANGRAM,"KIRTON PARA","KIRTON PARA PT- I.","PUB PARA (A)",Arsenic,1-04-2012
ASSAM,BONGAIGAON,SRIJANGRAM,"KIRTON PARA","KIRTON PARA PT- I.","KIRTON PARA PT- I.",Arsenic,1-04-2012
ASSAM,BONGAIGAON,SRIJANGRAM,JOPEA,"MUL BARI","MUL BARI",Arsenic,1-04-2012
ASSAM,BONGAIGAON,SRIJANGRAM,JOPEA,"BORAI CHALA","BORAI CHALA",Arsenic,1-04-2012
ASSAM,BONGAIGAON,SRIJANGRAM,JOPEA,"BORAI CHALA","UTTAR PARA",Arsenic,1-04-2012
ASSAM,GOALPARA,BALIJANA,BALIJANA,KOCHPARA,KOCHPARA,Iron,1-04-2012
ASSAM,GOALPARA,BALIJANA,BALIJANA,NICHINTA,KHOLBHANGA,Iron,1-04-2012
ASSAM,GOALPARA,BALIJANA,BALIJANA,RAKHAPARA,GAROPARA,Iron,1-04-2012
ASSAM,GOALPARA,BALIJANA,BALIJANA,TOKRAPARA,TOKRAPARA,Iron,1-04-2012
ASSAM,GOALPARA,BALIJANA,BALIJANA,"DEBATTAR BAPUPARA PT-II",SINGIMARI,Iron,1-04-2012
ASSAM,GOALPARA,BALIJANA,BALIJANA,DORAPARA,"BALIJANA BAZAR",Iron,1-04-2012
ASSAM,GOALPARA,BALIJANA,DWARKA,"MOJAI RABHAPARA",LANGOPARA,Iron,1-04-2012
ASSAM,GOALPARA,BALIJANA,DWARKA,"BAMUNDONGA PT-I","BAMUNDANGA PT-I",Iron,1-04-2012
ASSAM,GOALPARA,BALIJANA,DWARKA,"BAMUNDONGA PT-I",GAROPARA,Iron,1-04-2012
ASSAM,GOALPARA,BALIJANA,DWARKA,"BAMUNDONGA PT-I",HASUGHOPA,Iron,1-04-2012
ASSAM,GOALPARA,BALIJANA,DWARKA,"BAMUNDONGA PT-I",DEHORIPARA,Iron,1-04-2012
ASSAM,GOALPARA,BALIJANA,DWARKA,"BAMUNDONGA PT-I","CHIPIN CHALLA",Iron,1-04-2012
ASSAM,GOALPARA,BALIJANA,DWARKA,"BAMUNDONGA PT-I","KHAMARI RABHAPARA",Iron,1-04-2012
ASSAM,GOALPARA,BALIJANA,BARDAMAL,BHAISKHULI,KAKUAPARA,Iron,1-04-2012
ASSAM,GOALPARA,BALIJANA,BALADMARI,BOLADMARI,"MARIAM NAGAR WEST",Iron,1-04-2012
ASSAM,GOALPARA,BALIJANA,KALYANPUR,BHALUKDUBI,BORPAHAR,Iron,1-04-2012
ASSAM,GOALPARA,BALIJANA,KALYANPUR,BHALUKDUBI,MILANNAGAR,Iron,1-04-2012
ASSAM,GOALPARA,BALIJANA,KALYANPUR,BHALUKDUBI,RABHAPARA,Iron,1-04-2012
ASSAM,GOALPARA,BALIJANA,KALYANPUR,BHALUKDUBI,JYOTINAGAR,Iron,1-04-2012
ASSAM,GOALPARA,BALIJANA,KALYANPUR,BHALUKDUBI,BISHNUPUR,Iron,1-04-2012
ASSAM,GOALPARA,BALIJANA,KALYANPUR,BHAISKHULI,BAKAPARA,Iron,1-04-2012
ASSAM,GOALPARA,BALIJANA,KALYANPUR,"DOSORA MATIA",BANATULI,Iron,1-04-2012
ASSAM,GOALPARA,BALIJANA,KALYANPUR,"DOSORA MATIA",KOCHPARA,Iron,1-04-2012
ASSAM,GOALPARA,BALIJANA,KALYANPUR,GENDERA,BUDHIPARA,Iron,1-04-2012
ASSAM,GOALPARA,BALIJANA,KALYANPUR,GORAIMARI,ULLUPARA,Iron,1-04-2012
ASSAM,GOALPARA,BALIJANA,KALYANPUR,"KALYANPUR N.C.","KALYANPUR N.C.",Iron,1-04-2012
ASSAM,GOALPARA,BALIJANA,KALYANPUR,KALYANPUR,HADLAPARA,Iron,1-04-2012
ASSAM,GOALPARA,BALIJANA,AGIA,"GOSAI GA DHAWA","GOSSAI GADHOWA",Iron,1-04-2012
ASSAM,GOALPARA,BALIJANA,AGIA,HATIGHOPA,"CHOTO HATIGHOPA",Iron,1-04-2012
ASSAM,GOALPARA,BALIJANA,AGIA,RAJAPARA,RAJAPARA,Iron,1-04-2012
ASSAM,GOALPARA,BALIJANA,BODAHAPUR,BADHAPUR,PAGOLAKONAPARA,Iron,1-04-2012
ASSAM,GOALPARA,BALIJANA,BODAHAPUR,BAIJURI,KHAMARPARA,Iron,1-04-2012
ASSAM,GOALPARA,BALIJANA,BODAHAPUR,CHOTOKHASIKHAGRA,"LOWER KHASI",Iron,1-04-2012
ASSAM,GOALPARA,BALIJANA,BODAHAPUR,"HATI GAON",HATIGAON,Iron,1-04-2012
ASSAM,GOALPARA,BALIJANA,BODAHAPUR,"HATI GAON",BELPARA,Iron,1-04-2012
ASSAM,GOALPARA,BALIJANA,BODAHAPUR,"MEGH DAM",MEGADAM,Iron,1-04-2012
ASSAM,GOALPARA,MATIA,"BALADMARI CHAR","BALADMARI CHAR PT-I","1 NO. BALADMARI",Iron,1-04-2012
ASSAM,GOALPARA,MATIA,"BALADMARI CHAR","BALADMARI CHAR PT-I","JHAO PARA",Iron,1-04-2012
ASSAM,GOALPARA,MATIA,"BALADMARI CHAR","BALADMARI CHAR PT-I","BALADMARI CHAR PT-I",Iron,1-04-2012
ASSAM,GOALPARA,MATIA,"BALADMARI CHAR","BALADMARI CHAR PT-II",SANTIPUR,Iron,1-04-2012
ASSAM,GOALPARA,MATIA,"BALADMARI CHAR","BALADMARI CHAR PT-II",NATUNDASTI,Iron,1-04-2012
ASSAM,GOALPARA,MATIA,"BALADMARI CHAR","BALADMARI CHAR PT-II",NAYABASTI,Iron,1-04-2012
ASSAM,GOALPARA,MATIA,"BALADMARI CHAR","BALADMARI CHAR PT-II",KALUBAZAR,Iron,1-04-2012
ASSAM,GOALPARA,MATIA,"BALADMARI CHAR","BALADMARI CHAR PT-II","PACHIM PARA -2",Iron,1-04-2012
ASSAM,GOALPARA,MATIA,HARIMURA,"RAKHYASINI JHAR PT-I",MILANPARA,Iron,1-04-2012
ASSAM,GOALPARA,MATIA,HARIMURA,"RAKHYASINI JHAR PT-I",MAJILAPARA,Iron,1-04-2012
ASSAM,GOALPARA,MATIA,HARIMURA,"RAKHYASINI JHAR PT-II","PACHIM PARA",Iron,1-04-2012
ASSAM,GOALPARA,MATIA,HARIMURA,FUTURIPARA,FATURIPARA,Iron,1-04-2012
ASSAM,GOALPARA,MATIA,HARIMURA,FUTURIPARA,JALUAPARA,Iron,1-04-2012
ASSAM,GOALPARA,MATIA,HARIMURA,HARIMURA,HARIMURA,Iron,1-04-2012
ASSAM,GOALPARA,MATIA,HARIMURA,HARIMURA,"GHORAPOTA NAYAPARA",Iron,1-04-2012
ASSAM,GOALPARA,MATIA,HARIMURA,HARIMURA,CHENGMARI,Iron,1-04-2012
ASSAM,GOALPARA,MATIA,HARIMURA,HARIMURA,MAGURMARI,Iron,1-04-2012
ASSAM,GOALPARA,MATIA,HARIMURA,HARIMURA,PATALPURI,Iron,1-04-2012
ASSAM,GOALPARA,MATIA,HARIMURA,MOIJONGA,MOIJONGA,Iron,1-04-2012
ASSAM,GOALPARA,MATIA,HARIMURA,MOIJONGA,"JAMBARI KHA",Iron,1-04-2012
ASSAM,GOALPARA,MATIA,HARIMURA,MOIJONGA,"MOIJONGA  SAHBAGAN",Iron,1-04-2012
ASSAM,GOALPARA,MATIA,HARIMURA,MOIJONGA,NAYAPARA,Iron,1-04-2012
ASSAM,GOALPARA,MATIA,HARIMURA,LALABORI,CHOUDHURIPARA,Iron,1-04-2012
ASSAM,GOALPARA,MATIA,HARIMURA,LALABORI,KODOMTOL,Iron,1-04-2012
ASSAM,GOALPARA,MATIA,HARIMURA,TENGABARI,TENGABARI,Iron,1-04-2012
ASSAM,GOALPARA,MATIA,HARIMURA,TENGABARI,PETKATA,Iron,1-04-2012
ASSAM,GOALPARA,MATIA,HARIMURA,TENGABARI,MAJGAON,Iron,1-04-2012
ASSAM,GOALPARA,MATIA,"SRI SURYAGIRI",DEKDHOWA,DEKDHOWA,Iron,1-04-2012
ASSAM,GOALPARA,MATIA,"SRI SURYAGIRI",DEKDHOWA,"PUB DEKDHOWA",Iron,1-04-2012
ASSAM,GOALPARA,MATIA,"SRI SURYAGIRI","DEKDHOWA N.C. (DEKDHO","DEKDHOWA  N.C.",Iron,1-04-2012
ASSAM,GOALPARA,MATIA,"SRI SURYAGIRI","DUBAPARA LUPTA CHAR","DUBAPARA LUPTACHAR",Iron,1-04-2012
ASSAM,GOALPARA,MATIA,"SRI SURYAGIRI","DUBAPARA LUPTA CHAR",SONAPUR,Iron,1-04-2012
ASSAM,GOALPARA,MATIA,"SRI SURYAGIRI","DUBAPARA LUPTA CHAR","SONAPUR NAYAPARA",Iron,1-04-2012
ASSAM,GOALPARA,MATIA,"SRI SURYAGIRI","DUBAPARA LUPTA CHAR",KAKILAPARA,Iron,1-04-2012
ASSAM,GOALPARA,MATIA,"SRI SURYAGIRI",DUBAPARA,"KALITA PARA",Iron,1-04-2012
ASSAM,GOALPARA,MATIA,"SRI SURYAGIRI",TINKONIAPARA,NEPALPARA,Iron,1-04-2012
ASSAM,GOALPARA,MATIA,"SRI SURYAGIRI",TINKONIAPARA,BANAIPARA,Iron,1-04-2012
ASSAM,GOALPARA,MATIA,"SRI SURYAGIRI",TINKONIAPARA,KODALDHOWA,Iron,1-04-2012
ASSAM,GOALPARA,MATIA,"SRI SURYAGIRI","DASABHUJA DEBASTAN",DALUCAMP,Iron,1-04-2012
ASSAM,GOALPARA,MATIA,MORNAI,MONAKASA,NEPALIKHUTI,Iron,1-04-2012
ASSAM,GOALPARA,MATIA,MORNAI,MONAKASA,BELTOLA,Iron,1-04-2012
ASSAM,GOALPARA,MATIA,MORNAI,MONAKASA,"BELTOLA CAMP",Iron,1-04-2012
ASSAM,GOALPARA,MATIA,MORNAI,MONAKASA,"BELTOLA RAJAPARA",Iron,1-04-2012
ASSAM,GOALPARA,MATIA,MORNAI,RAJAPARA,RAJAPARA,Iron,1-04-2012
ASSAM,GOALPARA,MATIA,MORNAI,DAKAIDAL,DAKAIDAL,Iron,1-04-2012
ASSAM,GOALPARA,MATIA,MORNAI,DAKAIDAL,AMTOLI,Iron,1-04-2012
ASSAM,GOALPARA,MATIA,MORNAI,BHOJMALA,BHOJMALA,Iron,1-04-2012
ASSAM,GOALPARA,MATIA,MORNAI,DAHIKATA,KADOMTOLA,Iron,1-04-2012
ASSAM,GOALPARA,MATIA,MORNAI,GAJIAJANI,GAJIAJANI,Iron,1-04-2012
ASSAM,GOALPARA,MATIA,MORNAI,"BHOJMALA PT-I(MORNOI)","BHOJMALA PT-I",Iron,1-04-2012
ASSAM,GOALPARA,MATIA,MORNAI,"BHOJMALA PT-I(MORNOI)",TAKADIABORI,Iron,1-04-2012
ASSAM,GOALPARA,MATIA,DALGOMA,GOPALPUR,"GOPALPUR PUBPARA",Iron,1-04-2012
ASSAM,GOALPARA,MATIA,DALGOMA,GOPALPUR,"SAGUNBAHI PACHIMPARA",Iron,1-04-2012
ASSAM,GOALPARA,MATIA,BUDUCHAR,SUNDARPUR,"SUNDARPUR N.C.",Iron,1-04-2012
ASSAM,GOALPARA,MATIA,BUDUCHAR,SUNDARPUR,SUNDARPUR,Iron,1-04-2012
ASSAM,GOALPARA,MATIA,MATIA,BAMUNPARA,JOGIPARA,Iron,1-04-2012
ASSAM,GOALPARA,MATIA,MATIA,BAMUNPARA,BAMUNPARA,Iron,1-04-2012
ASSAM,GOALPARA,MATIA,KARIPARA,"KARIPARA PT-IV",KARIPARA-PT-IV,Iron,1-04-2012
ASSAM,GOALPARA,MATIA,KARIPARA,SARAPARA,NAYAPARA,Iron,1-04-2012
ASSAM,GOALPARA,MATIA,KARIPARA,SARAPARA,"SARAPARA BORIPARA",Iron,1-04-2012
ASSAM,GOALPARA,MATIA,BAKAITARY,"BAKAITARI PT-II","BAKAITARY PT-II",Iron,1-04-2012
ASSAM,GOALPARA,MATIA,BAKAITARY,"BAKAITARI PT-II",BAROGHARIAPRA,Iron,1-04-2012
ASSAM,GOALPARA,MATIA,BAKAITARY,"BAKAITARI PT-II","COLLEGEPARA (NEW)",Iron,1-04-2012
ASSAM,GOALPARA,LAKHIPUR,PUKHURIPARA,LAHAPARA,LAHAPARA,Iron,1-04-2012
ASSAM,GOALPARA,LAKHIPUR,PUKHURIPARA,DHOKAPARA,DHOKAPARA,Iron,1-04-2012
ASSAM,GOALPARA,LAKHIPUR,PUKHURIPARA,DHOKAPARA,"PUB DHOKAPARA",Iron,1-04-2012
ASSAM,GOALPARA,LAKHIPUR,"JAYRAM KUCHI",CHAIBARI,CHAIBARI,Iron,1-04-2012
ASSAM,GOALPARA,LAKHIPUR,"JAYRAM KUCHI",KRISHNAPUR,KRISHNAPUR,Iron,1-04-2012
ASSAM,GOALPARA,LAKHIPUR,DADAN,LEMAKONA,"PACHIM LEMAKONA",Iron,1-04-2012
ASSAM,GOALPARA,LAKHIPUR,CHUNARI,LEJAM,"LEZEM PARA",Iron,1-04-2012
ASSAM,GOALPARA,LAKHIPUR,SUKTOLA,"KHONAR PUBPAR","KHONER PUBPAR (NORTH)",Iron,1-04-2012
ASSAM,GOALPARA,LAKHIPUR,AOLATOLI,KURSAKATI,KURCHAKATI,Iron,1-04-2012
ASSAM,GOALPARA,LAKHIPUR,AOLATOLI,KURSAKATI,"KURCHAKATI  KHONEERPARA",Iron,1-04-2012
ASSAM,GOALPARA,LAKHIPUR,AOLATOLI,AOLATOLI,BALIKASI,Iron,1-04-2012
ASSAM,GOALPARA,LAKHIPUR,FARINGAPARA,SILAPANI,TULOPARA,Iron,1-04-2012
ASSAM,GOALPARA,LAKHIPUR,ROWKHOWA,"KISTOMONI PT-II","KISTAMONI PT-I",Iron,1-04-2012
ASSAM,GOALPARA,LAKHIPUR,ROWKHOWA,"KISTOMONI PT-II","KISTAMONI PT-III",Iron,1-04-2012
ASSAM,GOALPARA,LAKHIPUR,ROWKHOWA,SALMARA,GOYAILERVITA,Iron,1-04-2012
ASSAM,GOALPARA,LAKHIPUR,ROWKHOWA,"THAILAPARA PT-II","TILAPARA PT-II",Iron,1-04-2012
ASSAM,GOALPARA,LAKHIPUR,ROWKHOWA,"THAILAPARA PT-II","TILAPARA PT-II KODOMTULI",Iron,1-04-2012
ASSAM,GOALPARA,LAKHIPUR,ROWKHOWA,"LATIBARI N.C. PT-I","LATIBARI N.C. PT-I",Iron,1-04-2012
ASSAM,GOALPARA,LAKHIPUR,ROWKHOWA,"LATIBARI N.C. PT-I","LATIBARI N.C. PT-I  SIALMARI",Iron,1-04-2012
ASSAM,GOALPARA,LAKHIPUR,ROWKHOWA,"LATIBARI N.C. PT-I",PAIKARTOL,Iron,1-04-2012
ASSAM,GOALPARA,LAKHIPUR,ROWKHOWA,"LATIBARI N.C. PT-I",CHANGOUZO,Iron,1-04-2012
ASSAM,GOALPARA,LAKHIPUR,ROWKHOWA,"JAMIRABARI PT-II","JAMERABARI PT-II",Iron,1-04-2012
ASSAM,GOALPARA,LAKHIPUR,ROWKHOWA,"JAMIRABARI PT-II","JAMERABARI MODHYACHAR",Iron,1-04-2012
ASSAM,GOALPARA,LAKHIPUR,ROWKHOWA,"JAMIRABARI PT-II","JAMERABARI KORTIMARICHAR",Iron,1-04-2012
ASSAM,GOALPARA,LAKHIPUR,ROWKHOWA,"CHULAR CHAR",PATANTUPI,Iron,1-04-2012
ASSAM,GOALPARA,KUSHDHWA,DUDHNOI,"KHARA PT -II",CHAKALPARA,Iron,1-04-2012
ASSAM,GOALPARA,KUSHDHWA,DUDHNOI,"KHARA PT -II",HALGIRIPARA,Iron,1-04-2012
ASSAM,GOALPARA,KUSHDHWA,DUDHNOI,"THEKASHU PT-I",AMARABATI,Iron,1-04-2012
ASSAM,GOALPARA,KUSHDHWA,DUDHNOI,TANGABARI,SARAPARA,Iron,1-04-2012
ASSAM,GOALPARA,KUSHDHWA,DUDHNOI,TANGABARI,TELIPARA,Iron,1-04-2012
ASSAM,GOALPARA,KUSHDHWA,DAMRA,HABANGGIRI,CHIMAKSA,Iron,1-04-2012
ASSAM,GOALPARA,KUSHDHWA,DAMRA,NISHANGRAM,BABUPARA,Iron,1-04-2012
ASSAM,GOALPARA,KUSHDHWA,DAMRA,NISHANGRAM,"UPPER NICHANGRAM",Iron,1-04-2012
ASSAM,GOALPARA,KUSHDHWA,DAMRA,"THAKASHU PT-III",UDAYPUR,Iron,1-04-2012
ASSAM,GOALPARA,KUSHDHWA,PURANIBHITA,"SILUK PT-II","SILUK PT-II",Iron,1-04-2012
ASSAM,GOALPARA,KUSHDHWA,PURANIBHITA,FAFAL,RABHAPARA,Iron,1-04-2012
ASSAM,GOALPARA,KUSHDHWA,PURANIBHITA,"KHARA BAGARIBARI","KHARA BAGARIBARI",Iron,1-04-2012
ASSAM,GOALPARA,KUSHDHWA,PURANIBHITA,NABAGRAM,RABHAPARA,Iron,1-04-2012
ASSAM,GOALPARA,KUSHDHWA,PURANIBHITA,SUCHIA,SUCHIA,Iron,1-04-2012
ASSAM,GOALPARA,KUSHDHWA,LELA,"BANDAR SHEE PT-II",KACHARIPARA,Iron,1-04-2012
ASSAM,GOALPARA,KUSHDHWA,LELA,"BANDAR SHEE PT-III",RABHAPARA,Iron,1-04-2012
ASSAM,GOALPARA,KUSHDHWA,LELA,"BAR MATIA PT-II","BORMATIA PT-II",Iron,1-04-2012
ASSAM,GOALPARA,KUSHDHWA,DARRANGGIRI,HAJARIPARA,DURAMARI,Iron,1-04-2012
ASSAM,GOALPARA,KUSHDHWA,DARRANGGIRI,"KUCHDHOWA CHECHAPANI PT 2",KHEROPARA,Iron,1-04-2012
ASSAM,GOALPARA,KUSHDHWA,DARRANGGIRI,"KUCHDHOWA CHECHAPANI PT 2","CHESAPANI GAROPARA",Iron,1-04-2012
ASSAM,GOALPARA,KUSHDHWA,DARRANGGIRI,"KUCHDHOWA CHECHAPANI PT 2",HAZONGPARA,Iron,1-04-2012
ASSAM,GOALPARA,KUSHDHWA,DARRANGGIRI,"KUCHDHOWA CHECHAPANI PT 2","CHESAPANI ADARSAPARA",Iron,1-04-2012
ASSAM,GOALPARA,KUSHDHWA,DARRANGGIRI,"GADIM PATHAR",GADIMPATHAR,Iron,1-04-2012
ASSAM,GOALPARA,KUSHDHWA,DARRANGGIRI,"MOISH KHULIPARA",TILAPARA,Iron,1-04-2012
ASSAM,GOALPARA,KUSHDHWA,"BAGUAN KATHALGURI","BAGUAN PT-III","BAGUAN PT-III",Iron,1-04-2012
ASSAM,GOALPARA,KRISHNAI,KRISHNAI,"KHARIJA PAIKAN",KARMAKARPARA,Iron,1-04-2012
ASSAM,GOALPARA,KRISHNAI,KRISHNAI,"KHARIJA PAIKAN",CHANDARBORI,Iron,1-04-2012
ASSAM,GOALPARA,KRISHNAI,KRISHNAI,ASUDUBI,BIDYAPARA,Iron,1-04-2012
ASSAM,GOALPARA,KRISHNAI,KRISHNAI,ASUDUBI,BETBARI,Iron,1-04-2012
ASSAM,GOALPARA,KRISHNAI,KRISHNAI,ASUDUBI,"GHEK DOBA",Iron,1-04-2012
ASSAM,GOALPARA,KRISHNAI,KRISHNAI,ASUDUBI,"SRI RAM DUBI",Iron,1-04-2012
ASSAM,GOALPARA,KRISHNAI,KRISHNAI,"PAIKAN PT-I",MADAPARA,Iron,1-04-2012
ASSAM,GOALPARA,KRISHNAI,KRISHNAI,"PAIKAN PT-I","PAIKAN SOUTH",Iron,1-04-2012
ASSAM,GOALPARA,KRISHNAI,KRISHNAI,"PAIKAN PT-II","PAIKAN PT-II",Iron,1-04-2012
ASSAM,GOALPARA,KRISHNAI,KRISHNAI,"PAIKAN PT-II",MAYERABORI,Iron,1-04-2012
ASSAM,GOALPARA,KRISHNAI,KRISHNAI,"PAIKAN PT-II","CHARIALI (COLLEGE ROAD)",Iron,1-04-2012
ASSAM,GOALPARA,KRISHNAI,MOLANDUBI,"SALPARA MONANDUBI PT-","SUTRADHAR PARA",Iron,1-04-2012
ASSAM,GOALPARA,KRISHNAI,MOLANDUBI,"KRISHNAI GURIA PT-I","KRISHNAI GURIA PT-I",Iron,1-04-2012
ASSAM,GOALPARA,KRISHNAI,MOLANDUBI,"KRISHNAI GURIA PT-I",RAMPUR,Iron,1-04-2012
ASSAM,GOALPARA,KRISHNAI,MOLANDUBI,"KRISHNAI GURIA PT-I","PAKHIRI GURI",Iron,1-04-2012
ASSAM,GOALPARA,KRISHNAI,"MANIKPUR BHELAKHAMAR","BUJRUK MANIKPUR","BUJRUK GAON",Iron,1-04-2012
ASSAM,GOALPARA,KRISHNAI,"MANIKPUR BHELAKHAMAR","KHARIJA MANIKPUR",CHOKAPARA,Iron,1-04-2012
ASSAM,GOALPARA,KRISHNAI,"MANIKPUR BHELAKHAMAR",JATSORABDI,"MAJGAON CHAMPAMATI",Iron,1-04-2012
ASSAM,GOALPARA,KRISHNAI,DHAIGAON,DHAIGAON,TILAPARA,Iron,1-04-2012
ASSAM,GOALPARA,KRISHNAI,DHAIGAON,DHAIGAON,SOULMARI,Iron,1-04-2012
ASSAM,GOALPARA,KRISHNAI,DHAIGAON,DHAIGAON,"BOLLA PT-I",Iron,1-04-2012
ASSAM,GOALPARA,KRISHNAI,DHAIGAON,KARKASHI,KACHARIPARA,Iron,1-04-2012
ASSAM,GOALPARA,KRISHNAI,DHAIGAON,SARDARPARA,REFUGIPARA,Iron,1-04-2012
ASSAM,GOALPARA,KRISHNAI,DHAIGAON,"KALPANI GHILAJANI",MOUSALBARI,Iron,1-04-2012
ASSAM,GOALPARA,KRISHNAI,ZIRA,"BAMUNE PANIKHOWA",BHRBHERI,Iron,1-04-2012
ASSAM,GOALPARA,KRISHNAI,ZIRA,PUB-DAIRANG,"GARO BAHAMPARA",Iron,1-04-2012
ASSAM,GOALPARA,KRISHNAI,ZIRA,"BELPARA PT-I",BABUKONA,Iron,1-04-2012
ASSAM,GOALPARA,KRISHNAI,ZIRA,"BELPARA PT-II","BELPARA PT-II",Iron,1-04-2012
ASSAM,GOALPARA,KRISHNAI,ZIRA,"KHARDANG PT-II",BAKHARAPARA,Iron,1-04-2012
ASSAM,GOALPARA,KRISHNAI,ZIRA,"KHARDANG PT-II",BORJULI,Iron,1-04-2012
ASSAM,GOALPARA,KRISHNAI,MESSELKHOWA,"AMJONGA PT-I","UPPER SATIPARA",Iron,1-04-2012
ASSAM,GOALPARA,KRISHNAI,MESSELKHOWA,"BAI DA",KANIKATA,Iron,1-04-2012
ASSAM,GOALPARA,KRISHNAI,MESSELKHOWA,KUKURKATA,PSAPARA,Iron,1-04-2012
ASSAM,GOALPARA,KRISHNAI,MESSELKHOWA,"MECHEL KHOWA",NEPALIPARA,Iron,1-04-2012
ASSAM,GOALPARA,KRISHNAI,MESSELKHOWA,NIBARI,NIBARI,Iron,1-04-2012
ASSAM,GOALPARA,KRISHNAI,MESSELKHOWA,"RANG DAN",RENGDOM,Iron,1-04-2012
ASSAM,GOALPARA,KRISHNAI,MESSELKHOWA,"RANG DAN",GAROPARA,Iron,1-04-2012
ASSAM,GOALPARA,KRISHNAI,FAFANGA,"FOFANGA PT-I","FAFANGA PT-I",Iron,1-04-2012
ASSAM,GOALPARA,KRISHNAI,FAFANGA,"FOFANGA PT-I",MAJIPARA,Iron,1-04-2012
ASSAM,GOALPARA,KRISHNAI,FAFANGA,"FOFANGA PT-II",HATCAMP,Iron,1-04-2012
ASSAM,GOALPARA,KRISHNAI,FAFANGA,KHAGRABARI,MAJIPARA,Iron,1-04-2012
ASSAM,GOALPARA,KRISHNAI,"TUKURA BORMOHRA",HADIGAON,JAKUAPARA,Iron,1-04-2012
ASSAM,GOALPARA,KRISHNAI,"TUKURA BORMOHRA","TUKURA PT-III",GAROPARA,Iron,1-04-2012
ASSAM,GOALPARA,KHARMUJA,KHARMUJA,SONAHARA,"SONAHARA UTTARPARA",Iron,1-04-2012
ASSAM,GOALPARA,KHARMUJA,KHARMUJA,SONAHARA,"SONAHARA DAKHINPARA",Iron,1-04-2012
ASSAM,GOALPARA,KHARMUJA,MARKULA,PANDOBA,"PANDOBA RABHAPARA",Iron,1-04-2012
ASSAM,GOALPARA,KHARMUJA,MARKULA,MARKULA,"MARKULA (GAROPARA)",Iron,1-04-2012
ASSAM,GOALPARA,KHARMUJA,MARKULA,MARKULA,"DAKHIN MARKULA",Iron,1-04-2012
ASSAM,GOALPARA,KHARMUJA,MARKULA,"KANGAIR PUBPAR","KONGIR PUBPAR",Iron,1-04-2012
ASSAM,GOALPARA,KHARMUJA,MARKULA,"KANGAIR PUBPAR","UTTAR KONGIRPAR",Iron,1-04-2012
ASSAM,GOALPARA,KHARMUJA,MARKULA,"KANGAIR PUBPAR","DAKHIN KONGIRPAR",Iron,1-04-2012
ASSAM,GOALPARA,KHARMUJA,MARKULA,BATABARI,"ANGULKATI BATABARI",Iron,1-04-2012
ASSAM,GOALPARA,KHARMUJA,MARKULA,BATABARI,"KHAJ UTTARPARA",Iron,1-04-2012
ASSAM,GOALPARA,KHARMUJA,MARKULA,BATABARI,"BALLAPURI BATABARI",Iron,1-04-2012
ASSAM,GOALPARA,KHARMUJA,MARKULA,BATABARI,"KARIRCHALA BATABARI  (A)",Iron,1-04-2012
ASSAM,GOALPARA,KHARMUJA,BASHBARI,BANGALJAR,BANGALJHAR,Iron,1-04-2012
ASSAM,GOALPARA,KHARMUJA,BASHBARI,"CHAKLA GAON",CHAKLAGAON,Iron,1-04-2012
ASSAM,GOALPARA,KHARMUJA,BASHBARI,"CHAKLA GAON","GERAPUR CHAKLA",Iron,1-04-2012
ASSAM,GOALPARA,KHARMUJA,NALANGA,"NALANGA  PAHAR","BHATIPARAS (NALANGA)",Iron,1-04-2012
ASSAM,GOALPARA,KHARMUJA,NALANGA,"NALONGA PAHARTOLI","NALANGA HARIZONPARA",Iron,1-04-2012
ASSAM,GOALPARA,KHARMUJA,NALANGA,NALANGA,"NALANGA PACHIMPARA",Iron,1-04-2012
ASSAM,GOALPARA,KHARMUJA,NALANGA,THEPKAI,THEPKAI,Iron,1-04-2012
ASSAM,GOALPARA,KHARMUJA,NALANGA,THEPKAI,"THEPKAI PAHARTULI PACHIMPARA",Iron,1-04-2012
ASSAM,GOALPARA,KHARMUJA,NALANGA,SIMLABARI,SIMLABARI,Iron,1-04-2012
ASSAM,GOALPARA,KHARMUJA,BAGUAN,NARANGABARI,TANIPARA,Iron,1-04-2012
ASSAM,GOALPARA,KHARMUJA,BAGUAN,NARANGABARI,JAGANNATHPARA,Iron,1-04-2012
ASSAM,GOALPARA,KHARMUJA,BAGUAN,NARANGABARI,"NARANGABARI (A)",Iron,1-04-2012
ASSAM,GOALPARA,KHARMUJA,BAGUAN,"GARO BHAT KHAWA",NACHANIPARA,Iron,1-04-2012
ASSAM,GOALPARA,KHARMUJA,BAGUAN,CHATAMARI,"CHATAMARI UTTARPARA",Iron,1-04-2012
ASSAM,GOALPARA,KHARMUJA,BAGUAN,CHATAMARI,"CHATAMARI MAJORPARA",Iron,1-04-2012
ASSAM,GOALPARA,KHARMUJA,BAGUAN,CHATAMARI,"CHATAMARI  PUB",Iron,1-04-2012
ASSAM,GOALPARA,KHARMUJA,BAGUAN,"HARIDAR BOGUAN","BORO BAGUAN",Iron,1-04-2012
ASSAM,GOALPARA,KHARMUJA,BAGUAN,"BORO BOGUAN","BORO BAGUAN",Iron,1-04-2012
ASSAM,GOALPARA,KHARMUJA,BAGUAN,"SABAJI BAGUAN",MUCHIPARA,Iron,1-04-2012
ASSAM,GOALPARA,KHARMUJA,BAGUAN,CHINABARI,NAYAPARA,Iron,1-04-2012
ASSAM,GOALPARA,KHARMUJA,BAGUAN,HALDIBARI,HALDIBARI,Iron,1-04-2012
ASSAM,GOALPARA,KHARMUJA,BAGUAN,NASNIPARA,NACHANIPARA,Iron,1-04-2012
ASSAM,GOALPARA,KHARMUJA,BAGUAN,MURALIJHAR,MURALIJHAR,Iron,1-04-2012
ASSAM,GOALPARA,KHARMUJA,BAGUAN,MURALIJHAR,"MURALIJHAR TARIPARA",Iron,1-04-2012
ASSAM,GOALPARA,KHARMUJA,BAGUAN,LATIMA,LATIMA,Iron,1-04-2012
ASSAM,GOALPARA,KHARMUJA,BAGUAN,LATIMA,"LATIMA PACHIM",Iron,1-04-2012
ASSAM,GOALPARA,KHARMUJA,ROWMARI,ROUMARI,"ROWMARI JAYPUR",Iron,1-04-2012
ASSAM,GOALPARA,JALESWAR,GURIADHAP,HALDIBARI,HALDIBARI,Arsenic,1-04-2012
ASSAM,GOALPARA,JALESWAR,GURIADHAP,"MORICHBARI RESERVE",PALPARA,Iron,1-04-2012
ASSAM,GOALPARA,JALESWAR,KHOLISARBHITA,BHIMKHAJ,BIMERTULA,Iron,1-04-2012
ASSAM,GOALPARA,JALESWAR,KHOLISARBHITA,CHARAGHAR,"CHARALJHAR JHARPARA",Iron,1-04-2012
ASSAM,GOALPARA,JALESWAR,KHOLISARBHITA,BHERVERI,BHERBHERI,Iron,1-04-2012
ASSAM,GOALPARA,JALESWAR,KHOLISARBHITA,BHERVERI,PUTHIMARI,Iron,1-04-2012
ASSAM,GOALPARA,JALESWAR,SIMLABARI,CHATAIMARI,"NADIRPAR (RABHAPARA)",Iron,1-04-2012
ASSAM,GOALPARA,JALESWAR,SIMLABARI,RAKHALKILLAH,RAKHALKILLA,Iron,1-04-2012
ASSAM,GOALPARA,JALESWAR,JALESWAR,"JALESWAR BILL","JALESWAR BEEL",Iron,1-04-2012
ASSAM,GOALPARA,JALESWAR,JALESWAR,BHALUKMARI,UTTARPARA,Iron,1-04-2012
ASSAM,GOALPARA,JALESWAR,JALESWAR,SHIALKANDA,"SIAL KANDA",Iron,1-04-2012
ASSAM,GOALPARA,JALESWAR,JALESWAR,"BAROTANG VITA","BORO TANGBHITA",Iron,1-04-2012
ASSAM,GOALPARA,JALESWAR,JALESWAR,BAROUDMARI,"BORO UDMARI",Iron,1-04-2012
ASSAM,GOALPARA,JALESWAR,JALESWAR,BAROUDMARI,UTTARPARA,Iron,1-04-2012
ASSAM,GOALPARA,JALESWAR,TARANGAPUR,SUPERIVITA,SUPARIBHITA,Arsenic,1-04-2012
ASSAM,GOALPARA,JALESWAR,TARANGAPUR,MOAMARI,"PACHIM MOWAMARI",Arsenic,1-04-2012
ASSAM,GOALPARA,JALESWAR,TARANGAPUR,TARANGAPUR,JOBDARBHITA,Arsenic,1-04-2012
ASSAM,GOALPARA,JALESWAR,TARANGAPUR,CHILARVHITA,CHILARBHITA,Iron,1-04-2012
ASSAM,GOALPARA,JALESWAR,TARANGAPUR,CHILARVHITA,"CHILARBHITA PT-I",Iron,1-04-2012
ASSAM,GOALPARA,JALESWAR,TARANGAPUR,CHILARVHITA,"CHILARBHITA PT-II",Iron,1-04-2012
ASSAM,GOALPARA,JALESWAR,TARANGAPUR,TULSIBARI,TULSIBARI,Arsenic,1-04-2012
ASSAM,GOALPARA,JALESWAR,TARANGAPUR,TULSIBARI,SASAN,Iron,1-04-2012
ASSAM,GOALPARA,JALESWAR,"MONKOLA CHILDDHORA",MONKALA,MONKOLA,Iron,1-04-2012
ASSAM,GOALPARA,JALESWAR,"MONKOLA CHILDDHORA",PANIKAMRITARI,"PANI KHAMARTARI",Iron,1-04-2012
ASSAM,GOALPARA,JALESWAR,TAKIMARI,"TAKIMARI RESERVE",DUBAPARA,Iron,1-04-2012
ASSAM,GOALPARA,JALESWAR,KATHURI,KATHURI,"PACHIM KATHURI",Arsenic,1-04-2012
ASSAM,GOALPARA,JALESWAR,KATHURI,KARIRBARI,"PUB KARAIBARI",Iron,1-04-2012
ASSAM,GOALPARA,JALESWAR,KATARIHARA,BASMURA,BASMURA,Arsenic,1-04-2012
ASSAM,GOALPARA,JALESWAR,KATARIHARA,DAMRIBHASA,BINYACHAL,Iron,1-04-2012
ASSAM,GOALPARA,JALESWAR,KATARIHARA,DAMRIBHASA,"DAMRIBHASA  NORTH",Iron,1-04-2012
ASSAM,GOALPARA,JALESWAR,KATARIHARA,DAMRIBHASA,"MIDDLE DAMRIBHASA",Iron,1-04-2012
ASSAM,GOALPARA,JALESWAR,KATARIHARA,GHUGUDOBA,GHUGUDOBA,Arsenic,1-04-2012
ASSAM,GOALPARA,JALESWAR,KATARIHARA,GHUGUDOBA,HARIBHANGA,Arsenic,1-04-2012
ASSAM,GOALPARA,JALESWAR,"GOUR NAGAR","SALBARI PT-I",CHAIBARI,Iron,1-04-2012
ASSAM,GOALPARA,JALESWAR,"GOUR NAGAR","SALBARI PT-I","GOUR NAGAR",Iron,1-04-2012
ASSAM,GOALPARA,JALESWAR,"GOUR NAGAR","SALBARI PT-I",NAMAPARA,Iron,1-04-2012
ASSAM,GOALPARA,JALESWAR,RAJMITA,KESARAPARA,GARAKANDA,Arsenic,1-04-2012
ASSAM,GOALPARA,JALESWAR,RAJMITA,KESARAPARA,KESRAPARA,Arsenic,1-04-2012
ASSAM,GOALPARA,DUDHNAI,KAHIBARI,"SIKAJULI KUHIARBARI",CHOUKABORI,Iron,1-04-2012
ASSAM,GOALPARA,DUDHNAI,KAHIBARI,"SIKAJULI KUHIARBARI",ADARSAPARA,Iron,1-04-2012
ASSAM,GOALPARA,DUDHNAI,KAHIBARI,KHILAMARA,KHILAMARA,Iron,1-04-2012
ASSAM,GOALPARA,DUDHNAI,KAHIBARI,"CHOWKAPARA KAHIBARI","KAHIBARI GAROPARA",Iron,1-04-2012
ASSAM,GOALPARA,DUDHNAI,KAHIBARI,"KAHIBARI PT-II","SIKIAJULI KAHIBARI",Iron,1-04-2012
ASSAM,GOALPARA,DUDHNAI,KAHIBARI,KANYAKUCHI,"KANYAKUCHI PAHAR",Iron,1-04-2012
ASSAM,GOALPARA,DUDHNAI,RANGJULI,"MELOPARA PT-I",SALPARA,Iron,1-04-2012
ASSAM,GOALPARA,DUDHNAI,RANGJULI,"MELOPARA PT-I",ADIMPATHAR,Iron,1-04-2012
ASSAM,GOALPARA,DUDHNAI,RANGJULI,"MELOPAR PT-II","MELOPAR PT-II",Iron,1-04-2012
ASSAM,GOALPARA,DUDHNAI,RANGJULI,"RAWMARI PT-II","RAWMARI PT-II",Iron,1-04-2012
ASSAM,GOALPARA,DUDHNAI,RANGJULI,"RAWMARI PT-II",HAZARIPARA,Iron,1-04-2012
ASSAM,GOALPARA,DUDHNAI,RANGJULI,RAWMARI,"RAWMARI PT-I",Iron,1-04-2012
ASSAM,GOALPARA,DUDHNAI,TIPLAI,"TIPLAI PT-I",DOCTORPARA,Iron,1-04-2012
ASSAM,GOALPARA,DUDHNAI,TIPLAI,"TIPLAI PT-I",BORDOBA,Iron,1-04-2012
ASSAM,GOALPARA,DUDHNAI,TIPLAI,"TIPLI PT-III",TILAPARA,Iron,1-04-2012
ASSAM,GOALPARA,DUDHNAI,TIPLAI,"TIPLI PT-III",BORPATHAR,Iron,1-04-2012
ASSAM,GOALPARA,DUDHNAI,TIPLAI,"TIPLI PT-III",SALBARI,Iron,1-04-2012
ASSAM,GOALPARA,DUDHNAI,TIPLAI,"TIPLI PT-III",DEGHLIBORI,Iron,1-04-2012
ASSAM,GOALPARA,DUDHNAI,TIPLAI,"TIPLI PT-III",BHAKATPARA,Iron,1-04-2012
ASSAM,GOALPARA,DUDHNAI,TIPLAI,"TIPLAI PT-II","TIPLAI PT-II",Iron,1-04-2012
ASSAM,GOALPARA,DUDHNAI,TIPLAI,"TIPLAI PT-II",DHARMAPUR,Iron,1-04-2012
ASSAM,GOALPARA,DUDHNAI,TIPLAI,"GARUCHATKA PT-I",BATABARI,Iron,1-04-2012
ASSAM,GOALPARA,DUDHNAI,TIPLAI,"GARUCHATKA PT-I",PANBORI,Iron,1-04-2012
ASSAM,GOALPARA,DUDHNAI,TIPLAI,"ULLUBARI CHOUTRA NAIT","ULLUBARI CHOUTRA NAITARA BILL",Iron,1-04-2012
ASSAM,GOALPARA,DUDHNAI,TIPLAI,"ULLUBARI CHOUTRA NAIT",POTHOBORI,Iron,1-04-2012
ASSAM,GOALPARA,DUDHNAI,TIPLAI,"PATPARA PT-I",KHALEBORI,Iron,1-04-2012
ASSAM,GOALPARA,DUDHNAI,TIPLAI,"PATPARA PT-I",BOGORIPARA,Iron,1-04-2012
ASSAM,GOALPARA,DUDHNAI,TIPLAI,BANGAON,"SITALMARI BONGAON",Iron,1-04-2012
ASSAM,GOALPARA,DUDHNAI,DHUPDHARA,"DIGHALI PT-I",RABHAPARA,Iron,1-04-2012
ASSAM,GOALPARA,DUDHNAI,DHUPDHARA,"DIGHALI PT-I",KALITAPARA,Iron,1-04-2012
ASSAM,GOALPARA,DUDHNAI,DHUPDHARA,"DIGHALI PT-I","PACHIM RABHAPARA",Iron,1-04-2012
ASSAM,GOALPARA,DUDHNAI,DHUPDHARA,"DIGHALI PT-I",MAJPARA,Iron,1-04-2012
ASSAM,GOALPARA,DUDHNAI,DHUPDHARA,"DIGHALI PT-II",JOGIPARA,Iron,1-04-2012
ASSAM,GOALPARA,DUDHNAI,DHUPDHARA,"JOGIPARA PT-I","JOGIPARA PT-I",Iron,1-04-2012
ASSAM,GOALPARA,DUDHNAI,DHUPDHARA,"JOGIPARA PT-I",RABHASUPA,Iron,1-04-2012
ASSAM,GOALPARA,DUDHNAI,DHUPDHARA,"JOGIPARA PT-I",KALITAPARA,Iron,1-04-2012
ASSAM,GOALPARA,DUDHNAI,DHUPDHARA,"DHUPDHARA PT-I","MUSHLIMPARA DAKHIN",Iron,1-04-2012
ASSAM,GOALPARA,DUDHNAI,KHUTABARI,"KHUTABARI  KAURIDUBI TELIPARA",NEWPARA,Iron,1-04-2012
ASSAM,GOALPARA,DUDHNAI,KHUTABARI,"BARDAMAL MEGIBARI GILABARI","BARDAMAL MEGIBARI GILABARI",Iron,1-04-2012
ASSAM,GOALPARA,DUDHNAI,KHUTABARI,"BARDAMAL MEGIBARI GILABARI",MUSHLIMPARA,Iron,1-04-2012
ASSAM,GOALPARA,DUDHNAI,KHUTABARI,"CHAPLAI PT-II","CHAPLAI PT-I & II",Iron,1-04-2012
ASSAM,GOALPARA,DUDHNAI,KHUTABARI,"KHUTABARI PT-I",RANGAJAN,Iron,1-04-2012
ASSAM,GOALPARA,DUDHNAI,KHUTABARI,"KHUTABARI PT-V","KHUTABARI PT- V",Iron,1-04-2012
ASSAM,GOALPARA,DUDHNAI,KHUTABARI,"KHUTABARI PT-II","KHUTABARI PT-II",Iron,1-04-2012
ASSAM,GOALPARA,DUDHNAI,KHUTABARI,"BARDAL  PT-I","BORDAMAL PT-I & II",Iron,1-04-2012
ASSAM,GOALPARA,DUDHNAI,DHUNUBHANGA,"GATHIAPARA AOIMARI","GATHIAPARA AOIMARI",Iron,1-04-2012
ASSAM,GOALPARA,DUDHNAI,AMBARI,"AMBARI PT-II","KATHAL BARI",Iron,1-04-2012
ASSAM,GOALPARA,DUDHNAI,AMBARI,"AMBARI PT-II (KA)",CHELABARI,Iron,1-04-2012
ASSAM,GOALPARA,DUDHNAI,AMBARI,"AMBARI PT-III( GHA)",DUMPARA,Iron,1-04-2012
ASSAM,GOALPARA,DUDHNAI,AMBARI,"PUDUPARA AMBARI PT-III","PUDUPARA AMBARI PT-III",Iron,1-04-2012
ASSAM,GOALPARA,DUDHNAI,AMBARI,"PUDUPARA AMBARI PT-IV","PUDUPARA AMBARI PT-IV",Iron,1-04-2012
ASSAM,GOALPARA,DUDHNAI,AMBARI,"BIJAYPUR BANGAON KATHALMURI GURU PT-II","BIJAYPUR BANGAON KATHALMURI GURU PT-II",Iron,1-04-2012
ASSAM,GOALPARA,DUDHNAI,KOTHAKUTHI,"BARDAMAL ATHIABARI",ATIABARI,Iron,1-04-2012
ASSAM,GOALPARA,DUDHNAI,KOTHAKUTHI,"KOTHAKUTHI (KA)",BAKRAKHUTI,Iron,1-04-2012
ASSAM,GOALPARA,DUDHNAI,KOTHAKUTHI,"AMBUK PT-III",DEULGURI,Iron,1-04-2012
ASSAM,GOALPARA,DUDHNAI,KOTHAKUTHI,"SALPARA (KA) KOTHAKUTHI PT-III&IV",BENGDOBA,Iron,1-04-2012
ASSAM,GOALPARA,DUDHNAI,KOTHAKUTHI,"KURIHAMARI KOTHAKUTHI PT-II","KURIHAMARI KOTHAKUTHI PT-II",Iron,1-04-2012
ASSAM,GOALPARA,DUDHNAI,KOTHAKUTHI,"DUMAPARA KA & KHA","DUMAPARA KA & KHA",Iron,1-04-2012
ASSAM,GOALPARA,DUDHNAI,KOTHAKUTHI,"CHEKOWARI PT-I, II&III",KUCHUBARI,Iron,1-04-2012
ASSAM,BARPETA,"RUPSI PT.",BALAIPATHAR,BILORTARI,BILARTARI,Iron,1-04-2012
ASSAM,BARPETA,"RUPSI PT.",BALAIPATHAR,BILORTARI,"PUB BILARTARI",Iron,1-04-2012
ASSAM,BARPETA,"RUPSI PT.",BALAIPATHAR,DEWKURA,"PACHIM DEWKURA",Iron,1-04-2012
ASSAM,BARPETA,"RUPSI PT.",BARBHITHA,KANDULIA,KANDULIA,Iron,1-04-2012
ASSAM,BARPETA,"RUPSI PT.",BARBHITHA,UPRUPI,UPRUPI,Iron,1-04-2012
ASSAM,BARPETA,"RUPSI PT.",BARBHITHA,"CHANDMAMA PATHAR","CHANDMAMA PATHAR",Iron,1-04-2012
ASSAM,BARPETA,"RUPSI PT.",BARBHITHA,"CHANDMAMA GAON","CHANDMAMA GOAN",Iron,1-04-2012
ASSAM,BARPETA,"RUPSI PT.",BARBHITHA,BARTARI,BARPARI,Iron,1-04-2012
ASSAM,BARPETA,"RUPSI PT.",BONGHUGI,BANGHUGI,BANGHUGI,Iron,1-04-2012
ASSAM,BARPETA,"RUPSI PT.",BONGHUGI,KHELLI,KHELLI,Iron,1-04-2012
ASSAM,BARPETA,"RUPSI PT.",BONGHUGI,KHELLI,"CHAR KHELLI",Iron,1-04-2012
ASSAM,BARPETA,"RUPSI PT.",BONGHUGI,KHELLI,"UTTAR KHELLI",Iron,1-04-2012
ASSAM,BARPETA,"RUPSI PT.",BONGHUGI,KHELLI,"DAKHIN KHELLI",Iron,1-04-2012
ASSAM,BARPETA,"RUPSI PT.",BONGHUGI,KHATARTARI,"CHAR KHATARTARI",Iron,1-04-2012
ASSAM,BARPETA,"RUPSI PT.",BONGHUGI,KHATARTARI,"UTTAR PUB KHATARTARI",Iron,1-04-2012
ASSAM,BARPETA,"RUPSI PT.",BONGHUGI,KHATARTARI,"BIR KHATARTARI",Iron,1-04-2012
ASSAM,BARPETA,"RUPSI PT.",BONGHUGI,KHATARTARI,"MADHYA KHATARTARI",Iron,1-04-2012
ASSAM,BARPETA,"RUPSI PT.",CHIKNI,"SAWRACHARA GAON","SAWRACHARA GOAN",Iron,1-04-2012
ASSAM,BARPETA,"RUPSI PT.",CHIKNI,"SAWRACHARA V.G.R.","SAWRACHARA RESERVE (V.G.R)",Iron,1-04-2012
ASSAM,BARPETA,"RUPSI PT.",CHIKNI,"SAWRACHARA V.G.R.","UTTAR  SAWRACHARA",Iron,1-04-2012
ASSAM,BARPETA,"RUPSI PT.",CHIKNI,"SAWRACHARA PATHAR","SAWRACHARA PATHAR",Iron,1-04-2012
ASSAM,BARPETA,"RUPSI PT.",CHIKNI,"SAWRACHARA PATHAR","PUB SAWRACHARA",Iron,1-04-2012
ASSAM,BARPETA,"RUPSI PT.",GULIAZA,GUILEZA,GUILEZA,Iron,1-04-2012
ASSAM,BARPETA,"RUPSI PT.",GULIAZA,"CHAR CHARIA",CHARCHARIA,Iron,1-04-2012
ASSAM,BARPETA,"RUPSI PT.",GULIAZA,"KHATA KUCHI",KHATAKUCHI,Iron,1-04-2012
ASSAM,BARPETA,"RUPSI PT.",GULIAZA,"KHATA KUCHI","PUB KHATAKUCHI",Iron,1-04-2012
ASSAM,BARPETA,"RUPSI PT.",GULIAZA,"KAMAR PARA",KAMARPARA,Iron,1-04-2012
ASSAM,BARPETA,"RUPSI PT.",GULIAZA,"MINI SIMLA",MENISIMLA,Iron,1-04-2012
ASSAM,BARPETA,"RUPSI PT.",HALDIA,"RAHA GAON","RAHA MAJARPARA",Iron,1-04-2012
ASSAM,BARPETA,"RUPSI PT.",HALDIA,"GHUGU BARI",GHUGUBARI,Iron,1-04-2012
ASSAM,BARPETA,"RUPSI PT.",HALDIA,"GHUGU BARI","GHUGUBARI UTTAR SUBA",Iron,1-04-2012
ASSAM,BARPETA,"RUPSI PT.",HALDIA,"BHERA GAON","BHARA GAON",Iron,1-04-2012
ASSAM,BARPETA,"RUPSI PT.",HALDIA,"BHERA GAON","BHERA PUB SUBA",Iron,1-04-2012
"ANDHRA PRADESH","WEST GODAVARI(05)",BHIMAVARAM(36),VEMPA(23),"VEMPA(016 )",HARIJANAVADA(0505936016022300),Salinity,1-04-2012
"ANDHRA PRADESH","WEST GODAVARI(05)",BHIMAVARAM(36),VEMPA(23),"VEMPA(016 )","SETTIBALIJI PETA(0505936016042300)",Salinity,1-04-2012
"ANDHRA PRADESH",KRISHNA(06),GAMPALAGUDEM(12),VINAGADAPA(24),"VINAGADAPA(020 )","LAMBADI THANDA(0608112020012403)",Fluoride,1-04-2012
"ANDHRA PRADESH",KRISHNA(06),REDDIGUDEM(15),KUDAPA(06),"KUDAPA(006 )","LAMBADI THANDA(0608015006020601)",Fluoride,1-04-2012
"ANDHRA PRADESH",KRISHNA(06),REDDIGUDEM(15),RUDRAVARAM(07),"RUDRAVARAM(007 )","PATHA MANGAPURAM(0608015007030700)",Fluoride,1-04-2012
"ANDHRA PRADESH",KRISHNA(06),PEDANA(44),LANKALAKALAVAGUNTA(03),"LANKALAKALAVAGUNTA(003 )",REDDIPALEM(0608844003030300),Salinity,1-04-2012
"ANDHRA PRADESH",KRISHNA(06),PEDANA(44),NANDAMURU(18),"NANDAMURU(023 )",NANDAMURU(0608844023011800),Salinity,1-04-2012
"ANDHRA PRADESH",KRISHNA(06),PEDANA(44),NANDAMURU(18),"NANDAMURU(023 )",TIPPAMEEDA(0608844023021800),Salinity,1-04-2012
"ANDHRA PRADESH",KRISHNA(06),PEDANA(44),NANDAMURU(18),"NANDAMURU(023 )",CHINANANDAMURU(0608844023031800),Salinity,1-04-2012
"ANDHRA PRADESH",KRISHNA(06),PEDANA(44),NANDAMURU(18),"NANDAMURU(023 )",SATYANARAYANAPURAM(0608844023051800),Salinity,1-04-2012
"ANDHRA PRADESH",KRISHNA(06),PEDANA(44),NANDAMURU(18),"NANDAMURU(023 )",CHINAKOTAVARIPALEM(0608844023061800),Salinity,1-04-2012
"ANDHRA PRADESH",GUNTUR(07),AMARAVATHI(09),PEDAMADDURU(11),"PEDAMADDURU(012 )",PEDAMADDURU(0710309012011100),Salinity,1-04-2012
"ANDHRA PRADESH",GUNTUR(07),AMARAVATHI(09),ENDROY(14),"ENDROY(014 )",ENDROY(0710309014011400),Salinity,1-04-2012
"ANDHRA PRADESH",GUNTUR(07),AMARAVATHI(09),ENDROY(14),"ENDROY(014 )",CHAVAPADU(0710309014021400),Salinity,1-04-2012
"ANDHRA PRADESH",GUNTUR(07),THULLUR(10),MANDADAM(18),"MANDADAM(020 )",MANDADAM(0710210020011800),Salinity,1-04-2012
"ANDHRA PRADESH",GUNTUR(07),MANGALAGIRI(12),NEERUKONDA(02),"KURAGALLU(001 )",NEERUKONDA(0710212001020200),Salinity,1-04-2012
"ANDHRA PRADESH",GUNTUR(07),TADIKONDA(13),MOTHADAKA(05),"MOTHADAKA(004 )",MOTHADAKA(0710313004010500),Salinity,1-04-2012
"ANDHRA PRADESH",GUNTUR(07),PEDAKURAPADU(14),RAMAPURAM(03),"RAMAPURAM(003 )",RAMAPURAM(0710514003010300),Fluoride,1-04-2012
"ANDHRA PRADESH",GUNTUR(07),SATTENAPALLI(15),ABBURU(12),"ABBURU(008 )",ABBURU(0710415008011200),Salinity,1-04-2012
"ANDHRA PRADESH",GUNTUR(07),PIDUGURALLA(17),KONANKI(06),"KONANKI(004 )",CHANGALAYAPALEMTHANDA(0710617004030600),Fluoride,1-04-2012
"ANDHRA PRADESH",GUNTUR(07),BOLLAPALLI(21),AYYANNAPALEM(01),"AYYANNAPALEM(001 )",AYYANNAPALEM(0710821001010100),Fluoride,1-04-2012
"ANDHRA PRADESH",GUNTUR(07),BOLLAPALLI(21),GUTLAPALLI(13),"GUTLAPALLI(008 )","GANGUPALLI THANDA(0710821008041300)",Fluoride,1-04-2012
"ANDHRA PRADESH",GUNTUR(07),MEDIKONDURU(25),DOKIPARRU(12),"DOKIPARRU(011 )",SANTHIPALEM(0710425011031200),Salinity,1-04-2012
"ANDHRA PRADESH",GUNTUR(07),"GUNTUR RURAL(26)",ADAVITAKKELLAPADU(07),"PEDAPALAKALURU(002 )",SUMMERPET(0710126002050700),Fluoride,1-04-2012
"ANDHRA PRADESH",GUNTUR(07),VEMURU(31),PENUMARRU(16),"PENUMARRU(013 )",PENUMARRU(0709531013011600),Salinity,1-04-2012
"ANDHRA PRADESH",GUNTUR(07),VEMURU(31),KODIPARRU(17),"PENUMARRU(013 )",KODIPARRU(0709531013021700),Salinity,1-04-2012
"ANDHRA PRADESH",GUNTUR(07),IPUR(41),BOMMARAJUPALLI(01),"BOMMARAJUPALLI(001 )",BOMMARAJUPALLI(0710841001010100),Fluoride,1-04-2012
"ANDHRA PRADESH",GUNTUR(07),IPUR(41),KONDRAMUTLA(15),"KONDRAMUTLA(012 )",KONDRAMUTLA(0710841012011500),Fluoride,1-04-2012
"ANDHRA PRADESH",GUNTUR(07),SAVALYAPURAM(42),VELPUR(04),"VELPUR(003 )",VELAMAVARIPALEM(0710842003030400),Fluoride,1-04-2012
"ANDHRA PRADESH",GUNTUR(07),SAVALYAPURAM(42),MUNDRUVARIPALEM(06),"SANAMPUDI(004 )",MUNDRUVARIPALEM(0710842004020600),Fluoride,1-04-2012
"ANDHRA PRADESH",GUNTUR(07),VINUKONDA(43),KOPPUKONDA(01),"KOPPUKONDA(001 )",GANESHPALEM(0710843001030100),Fluoride,1-04-2012
"ANDHRA PRADESH",GUNTUR(07),VINUKONDA(43),NADIGADDA(02),"KOPPUKONDA(001 )",NADIGADDA(0710843001040200),Fluoride,1-04-2012
"ANDHRA PRADESH",GUNTUR(07),VINUKONDA(43),NEELAGANGAVARAM(03),"NEELAGANGAVARAM(003 )",NEELAGANGAVARAM(0710843003010300),Fluoride,1-04-2012
"ANDHRA PRADESH",GUNTUR(07),VINUKONDA(43),ANDUGULAPADU(04),"ANDUGULAPADU(004 )",ANDUGULAPADU(0710843004010400),Fluoride,1-04-2012
"ANDHRA PRADESH",GUNTUR(07),VINUKONDA(43),ANDUGULAPADU(04),"NAYUNIPALEM(006 )",PARVATHIPURAM(0710843006020400),Fluoride,1-04-2012
"ANDHRA PRADESH",GUNTUR(07),VINUKONDA(43),UMMADIVARAM(24),CHOWTAPALEM-U.I(020),CHATTUPALLI(0710843020012400),Fluoride,1-04-2012
"ANDHRA PRADESH",GUNTUR(07),NUZENDLA(44),MURTHYUNJAYAPURAM(01),"MURTHYUNJAYAPURAM(002 )","MUNTHNJAYANA PURAM(0710844002010100)",Fluoride,1-04-2012
"ANDHRA PRADESH",GUNTUR(07),NUZENDLA(44),MURTHYUNJAYAPURAM(01),"MURTHYUNJAYAPURAM(002 )","CHENNAREDDY COLONY(0710844002020100)",Fluoride,1-04-2012
"ANDHRA PRADESH",GUNTUR(07),NUZENDLA(44),CHINTALACHERUVU(02),"CHINTALACHERUVU(003 )","LINGAMUKKA PALLI(0710844003020200)",Fluoride,1-04-2012
"ANDHRA PRADESH",GUNTUR(07),NUZENDLA(44),PAMIDIPADU(09),"PAMIDIPADU(007 )",PAMIDIPADU(0710844007010900),Fluoride,1-04-2012
"ANDHRA PRADESH",GUNTUR(07),NUZENDLA(44),"MUTHARASUPALEM (10)","PAMIDIPADU(007 )","MUTHARASI PALEM(0710844007021000)",Fluoride,1-04-2012
"ANDHRA PRADESH",GUNTUR(07),NUZENDLA(44),MULAKALUR(16),"MULAKALUR(014 )",MULAKALUR(0710844014011600),Salinity,1-04-2012
"ANDHRA PRADESH",GUNTUR(07),NUZENDLA(44),PUVVADA(17),"PUVVADA(015 )",PUVVADA(0710844015011700),Fluoride,1-04-2012
"ANDHRA PRADESH",GUNTUR(07),NUZENDLA(44),PUVVADA(17),"PUVVADA(015 )",P.KOTHAPALEM(0710844015021700),Fluoride,1-04-2012
"ANDHRA PRADESH",GUNTUR(07),NUZENDLA(44),PUVVADA(17),"PUVVADA(015 )",K.KOTHAPALEM(0710844015031700),Fluoride,1-04-2012
"ANDHRA PRADESH",GUNTUR(07),NUZENDLA(44),PUVVADA(17),"PUVVADA(015 )",KONDALARAYUNIPALEM(0710844015041700),Fluoride,1-04-2012
"ANDHRA PRADESH",GUNTUR(07),CHILAKALURIPET(45),POTHAVARAM(08),"POTHAVARAM(004 )",POTHAVARAM(0711045004010800),Salinity,1-04-2012
"ANDHRA PRADESH",GUNTUR(07),CHILAKALURIPET(45),KUKKAPALLIVARIPALEM(12),"KUKKAPALLIVARIPALEM(008 )",KUKKAPALLIVARIPALEM(0711045008011200),Fluoride,1-04-2012
"ANDHRA PRADESH",GUNTUR(07),CHILAKALURIPET(45),MADDIRALA(18),"RAJAPET(013 )",MADDIRALA(0711045013031800),Salinity,1-04-2012
"ANDHRA PRADESH",GUNTUR(07),PONNURU(48),AREMANDA(05),"AREMANDA(005 )",AREMANDA(0709748005010500),Salinity,1-04-2012
"ANDHRA PRADESH",GUNTUR(07),KARLAPALEM(56),PERALI(16),PERALI(005),KOTHAPALEM(0709856005031600),Salinity,1-04-2012
"ANDHRA PRADESH",GUNTUR(07),KARLAPALEM(56),SEELAMVARIPALEM(17),PERALI(005),SEELAMVARIPALEM(0709856005051700),Salinity,1-04-2012
"ANDHRA PRADESH",PRAKASAM(08),PULLALACHERUVU(02),PULLALACHERUVU(04),"GARAPENTA(002 )",GARAPENTA(0812102002010400),Fluoride,1-04-2012
"ANDHRA PRADESH",PRAKASAM(08),TRIPURANTHAKAM(03),G.UMMADIVARAM(07),"MEDAPI(006 )",G.UMMADIVARAM(0812103006030700),Fluoride,1-04-2012
"ANDHRA PRADESH",PRAKASAM(08),TRIPURANTHAKAM(03),G.UMMADIVARAM(07),"MEDAPI(006 )",GUTLAPALLI(0812103006040700),Fluoride,1-04-2012
"ANDHRA PRADESH",PRAKASAM(08),TRIPURANTHAKAM(03),K.ANNASAMUDRAM(08),"ANNASAMUDRAM(007 )",K.ANNASAMUDRAM(0812103007010800),Fluoride,1-04-2012
"ANDHRA PRADESH",PRAKASAM(08),TRIPURANTHAKAM(03),K.ANNASAMUDRAM(08),"ANNASAMUDRAM(007 )",SRINAGAR(0812103007020800),Fluoride,1-04-2012
"ANDHRA PRADESH",PRAKASAM(08),TRIPURANTHAKAM(03),P.MUDIVEMULA(11),"KANKANALAPALLI(008 )",K.MUDIVEMULA(0812103008041100),Fluoride,1-04-2012
"ANDHRA PRADESH",PRAKASAM(08),TRIPURANTHAKAM(03),D.V.N.COLONY(12),"KANKANALAPALLI(008 )",D.V.N.COLONY(0812103008071200),Fluoride,1-04-2012
"ANDHRA PRADESH",PRAKASAM(08),KURICHEDU(04),"WEST NAIDUPALEM(03)","WEST NAIDUPALEM(004 )","WEST NAIDUPALEM(0812104004010300)",Fluoride,1-04-2012
"ANDHRA PRADESH",PRAKASAM(08),KURICHEDU(04),AVULAMANDA(04),"AVULAMANDA(005 )",AVULAMANDA(0812104005010400),Fluoride,1-04-2012
"ANDHRA PRADESH",PRAKASAM(08),KURICHEDU(04),AVULAMANDA(04),"AVULAMANDA(005 )",NANCHARAPURAM(0812104005020400),Fluoride,1-04-2012
"ANDHRA PRADESH",PRAKASAM(08),KURICHEDU(04),AVULAMANDA(04),"AVULAMANDA(005 )",KOTHURU(0812104005030400),Fluoride,1-04-2012
"ANDHRA PRADESH",PRAKASAM(08),KURICHEDU(04),AVULAMANDA(04),"MUSTLAGANGAVARAM(006 )",MUSTLAGANGAVARAM(0812104006010400),Fluoride,1-04-2012
"ANDHRA PRADESH",PRAKASAM(08),KURICHEDU(04),BAYYAVARAM(06),"BAYYAVARAM(008 )",BAYYAVARAM(0812104008010600),Fluoride,1-04-2012
"ANDHRA PRADESH",PRAKASAM(08),KURICHEDU(04),POTLAPADU(09),"POTLAPADU(013 )",MUNDEDDULAPALEM(0812104013020900),Fluoride,1-04-2012
"ANDHRA PRADESH",PRAKASAM(08),KURICHEDU(04),PEDDAVARAM(14),"PEDDAVARAM(018 )",PEDDAVARAM(0812104018011400),Fluoride,1-04-2012
"ANDHRA PRADESH",PRAKASAM(08),PEDAARAVEEDU(06),RAMAYAPALEM(02),"SANIKAVARAM(001 )",RAMAYAPALEM(0812206001020200),Fluoride,1-04-2012
"ANDHRA PRADESH",PRAKASAM(08),PEDAARAVEEDU(06),MADDALAKATTA(03),"SANIKAVARAM(001 )","CHATLAMADA AGRAHARAM(0812206001070300)",Fluoride,1-04-2012
"ANDHRA PRADESH",PRAKASAM(08),MARKAPUR(09),"RAMACHANDRA PURAM(12)","VEMULA KOTA(014 )","RAMACHANDRA PURAM(0812209014041200)",Fluoride,1-04-2012
"ANDHRA PRADESH",PRAKASAM(08),MARKAPUR(09),CHINTAGUNTA(17),"CHINTAGUNTA(018 )","BADKHAN PETA(0812209018031700)",Fluoride,1-04-2012
"ANDHRA PRADESH",PRAKASAM(08),TARLUPADU(10),KALUZUVVALAPADU(07),"LAKSHANAKKAPALLI(026 )",GANDLOPALLI(0812010026020700),Fluoride,1-04-2012
"ANDHRA PRADESH",PRAKASAM(08),PODILI(12),KONDAYAPALEM(09),"SALAKANUTHALA(012 )",SALAKANUTHALA(0812012012010900),Fluoride,1-04-2012
"ANDHRA PRADESH",PRAKASAM(08),DARSI(13),CHANDALURU(03),"CHANDALURU(004 )",PULIMVERIPALEM(0812113004020300),Fluoride,1-04-2012
"ANDHRA PRADESH",PRAKASAM(08),DARSI(13),BANDIVELIGANDLA(11),"KATTASINGANNAPALEM(014 )",KATTASINGANNAPALEM(0812113014011100),Fluoride,1-04-2012
"ANDHRA PRADESH",PRAKASAM(08),DARSI(13),BANDIVELIGANDLA(11),"BANDIVELIGANDLA(016 )",BANDIVELIGANDLA(0812113016011100),Fluoride,1-04-2012
"ANDHRA PRADESH",PRAKASAM(08),DARSI(13),BANDIVELIGANDLA(11),"BANDIVELIGANDLA(016 )",GANGAPALEM(0812113016021100),Salinity,1-04-2012
"ANDHRA PRADESH",PRAKASAM(08),DARSI(13),JAMUKULADINNE(22),"JAMUKULADINNE(030 )",JAMUKULADINNE(0812113030012200),Fluoride,1-04-2012
"ANDHRA PRADESH",PRAKASAM(08),DARSI(13),JAMUKULADINNE(22),"JAMUKULADINNE(030 )",ROUTHUNAGAR(0812113030022200),Fluoride,1-04-2012
"ANDHRA PRADESH",PRAKASAM(08),DARSI(13),"PEDDA UYYALAWADA(26)","PEDDA UYYALAWADA(037 )","PEDDA UYYALAWADA(0812113037012600)",Fluoride,1-04-2012
"ANDHRA PRADESH",PRAKASAM(08),MUNDLAMUR(14),NUJELLAPALLI(10),"NUJELLAPALLI(013 )",SUNKARAVARIPALEM(0811314013021000),Salinity,1-04-2012
"ANDHRA PRADESH",PRAKASAM(08),MUNDLAMUR(14),KHAMBAMPADU(11),"BHATLAPALLI(011 )",BHATLAPALLI(0811314011011100),Salinity,1-04-2012
"ANDHRA PRADESH",PRAKASAM(08),MUNDLAMUR(14),NAIDUPALEM(08),"TAMMALURU(009 )",TAMMALURU(0811314009010800),Fluoride,1-04-2012
"ANDHRA PRADESH",PRAKASAM(08),KANIGIRI(31),BADUGULERU(02),"BADUGULERU(002 )",GAYAMVARIPALLI(0812031002020200),Fluoride,1-04-2012
"ANDHRA PRADESH",PRAKASAM(08),KANIGIRI(31),BADUGULERU(02),"BADUGULERU(002 )",P.RAMAPURAM(0812031002030200),Fluoride,1-04-2012
"ANDHRA PRADESH",PRAKASAM(08),KANIGIRI(31),CHALLAGIRIGALA(03),"CHALLAGIRIGALA(003 )",BALAKOTESWARAPURAM(0811831003060300),Fluoride,1-04-2012
"ANDHRA PRADESH",PRAKASAM(08),HANUMANTHUNIPADU(32),UMMANAPALLI(01),"ANANDAPURAM(002 )",ANANDAPURAM(0812032002010100),Fluoride,1-04-2012
"ANDHRA PRADESH",PRAKASAM(08),HANUMANTHUNIPADU(32),UMMANAPALLI(01),"UMMANAPALLI(003 )",KOTHAPALLI(0812032003050100),Fluoride,1-04-2012
"ANDHRA PRADESH",PRAKASAM(08),HANUMANTHUNIPADU(32),HANUMANTHAPURAM(02),"HANUMANTHAPURAM(004 )",KOTHAPALLI(0812032004030200),Fluoride,1-04-2012
"ANDHRA PRADESH",PRAKASAM(08),HANUMANTHUNIPADU(32),HANUMANTHAPURAM(02),"HANUMANTHAPURAM(004 )",NARAYAPALLI(0812032004040200),Fluoride,1-04-2012
"ANDHRA PRADESH",PRAKASAM(08),HANUMANTHUNIPADU(32),HANUMANTHAPURAM(02),"HANUMANTHAPURAM(004 )",RANGAMPETA(0812032004050200),Fluoride,1-04-2012
"ANDHRA PRADESH",PRAKASAM(08),HANUMANTHUNIPADU(32),LINGAMGUNTLA(05),"VEMULAPADU(005 )",LINGAMGUNTLA(0812032005070500),Fluoride,1-04-2012
"ANDHRA PRADESH",PRAKASAM(08),HANUMANTHUNIPADU(32),THIMMAREDDYPALLI(07),"THIMMAREDDYPALLI(007 )",AVULAVARIPALLI(0812032007020700),Fluoride,1-04-2012
"ANDHRA PRADESH",PRAKASAM(08),HANUMANTHUNIPADU(32),THIMMAREDDYPALLI(07),"THIMMAREDDYPALLI(007 )",VENGAPALLI(0812032007040700),Fluoride,1-04-2012
"ANDHRA PRADESH",PRAKASAM(08),HANUMANTHUNIPADU(32),THIMMAREDDYPALLI(07),"THIMMAREDDYPALLI(007 )",KITCHAMPALLI(0812032007110700),Fluoride,1-04-2012
"ANDHRA PRADESH",PRAKASAM(08),HANUMANTHUNIPADU(32),DASARIPALLI(08),"THIMMAREDDYPALLI(007 )",REDDYVARIPALLI(0812032007060800),Fluoride,1-04-2012
"ANDHRA PRADESH",PRAKASAM(08),HANUMANTHUNIPADU(32),NALLAGANDLA(10),"NALLAGANDLA(012 )",NALLAGANDLA(0812032012011000),Fluoride,1-04-2012
"ANDHRA PRADESH",PRAKASAM(08),HANUMANTHUNIPADU(32),PEDAGOLLAPALLI(11),"PEDAGOLLAPALLI(014 )","KUDUMULA KUNTLA(0812032014031100)",Fluoride,1-04-2012
"ANDHRA PRADESH",PRAKASAM(08),HANUMANTHUNIPADU(32),PEDAGOLLAPALLI(11),"PEDAGOLLAPALLI(014 )","PADAMATI PALLI(0812032014041100)",Fluoride,1-04-2012
"ANDHRA PRADESH",PRAKASAM(08),HANUMANTHUNIPADU(32),VALICHERLA(12),"VALICHERLA(015 )",VALICHERLA(0812032015011200),Fluoride,1-04-2012
"ANDHRA PRADESH",PRAKASAM(08),HANUMANTHUNIPADU(32),VALICHERLA(12),"VALICHERLA(015 )",APPALREDDYPALLI(0812032015031200),Fluoride,1-04-2012
"ANDHRA PRADESH",PRAKASAM(08),HANUMANTHUNIPADU(32),VALICHERLA(12),"VALICHERLA(015 )","GURAVAREDDY PALLI(0812032015041200)",Fluoride,1-04-2012
"ANDHRA PRADESH",PRAKASAM(08),HANUMANTHUNIPADU(32),VALICHERLA(12),"VALICHERLA(015 )",NANDIREDDYPALLI(0812032015051200),Fluoride,1-04-2012
"ANDHRA PRADESH",PRAKASAM(08),HANUMANTHUNIPADU(32),NANDANAVANAM(13),"NANDANAVANAM(016 )",MANGAMPALLI(0812032016041300),Fluoride,1-04-2012
"ANDHRA PRADESH",PRAKASAM(08),HANUMANTHUNIPADU(32),NANDANAVANAM(13),"NANDANAVANAM(016 )","PAPIREDDY PALLI(0812032016051300)",Fluoride,1-04-2012
"ANDHRA PRADESH",PRAKASAM(08),HANUMANTHUNIPADU(32),VERARAMAPURAM(14),"VEERARAMAPURAM(017 )",VEERARAMAPURAM(0812032017011400),Fluoride,1-04-2012
"ANDHRA PRADESH",PRAKASAM(08),HANUMANTHUNIPADU(32),DASALLAPALLI(16),"DASALLAPALLI(021 )",DASALLAPALLI(0812032021011600),Fluoride,1-04-2012
"ANDHRA PRADESH",PRAKASAM(08),HANUMANTHUNIPADU(32),KUTAGUNDLA(17),"KUTAGUNDLA(022 )",KUTAGUNDLA(0812032022011700),Fluoride,1-04-2012
"ANDHRA PRADESH",PRAKASAM(08),HANUMANTHUNIPADU(32),KISTAMPALLI(20),"DODDICHINTALA(023 )",EDARAVARIPALLI(0812032023062000),Fluoride,1-04-2012
"ANDHRA PRADESH",PRAKASAM(08),HANUMANTHUNIPADU(32),HAZEEPURAM(22),"HAZEEPURAM(025 )",HAZEEPURAM(0812032025012200),Fluoride,1-04-2012
"ANDHRA PRADESH",PRAKASAM(08),HANUMANTHUNIPADU(32),MITTAPALEM(23),"HAZEEPURAM(025 )",MITTAPALEM(0812032025032300),Fluoride,1-04-2012
"ANDHRA PRADESH",PRAKASAM(08),GIDDALUR(36),GIDDALUR(09),"GIDDALUR(011 )",MITTAMEDIPALLE(0812336011050900),Fluoride,1-04-2012
"ANDHRA PRADESH",PRAKASAM(08),GIDDALUR(36),GIDDALUR(09),"CHETTIREDDYPALLI(013 )",CHETTIREDDYPALLE(0812336013010900),Fluoride,1-04-2012
"ANDHRA PRADESH",PRAKASAM(08),GIDDALUR(36),K.S.PALLI(10),"K.S.PALLI(014 )",UPPALAPADU(0812336014021000),Fluoride,1-04-2012
"ANDHRA PRADESH",PRAKASAM(08),"C.S.PURAM (38)",BOYAMADUGULA(01),"VENKATAYACHERUVU(004 )",BALUPALLI(0811838004030100),Fluoride,1-04-2012
"ANDHRA PRADESH",PRAKASAM(08),"C.S.PURAM (38)",VENGANAGUNTA(03),"PEDAGOGULA PALLI(007 )",VADDIPALEM(0811838007050300),Fluoride,1-04-2012
"ANDHRA PRADESH",PRAKASAM(08),"C.S.PURAM (38)",C.S.PURAM(04),"D.T.PALLI(019 )",D.T.PALLI(0811838019010400),Fluoride,1-04-2012
"ANDHRA PRADESH",PRAKASAM(08),"C.S.PURAM (38)",ARIVEMULA(05),"CHINTHALAPALEM(009 )",CHINTHALAPALEM(0811838009010500),Fluoride,1-04-2012
"ANDHRA PRADESH",PRAKASAM(08),"C.S.PURAM (38)",CHERLOPALLI(06),"THUMMAGUNTA(012 )",THUMMAGUNTA(0811838012010600),Fluoride,1-04-2012
"ANDHRA PRADESH",PRAKASAM(08),"C.S.PURAM (38)",D.G.PETA(07),"BODAVULADINNE(016 )",BODAVULADINNE(0811838016010700),Fluoride,1-04-2012
"ANDHRA PRADESH",PRAKASAM(08),"C.S.PURAM (38)",UPPALAPADU(09),"KONDABOYANAPALLI(017 )",KONDABOYANAPALLI(0811838017010900),Fluoride,1-04-2012
"ANDHRA PRADESH",PRAKASAM(08),"C.S.PURAM (38)",UPPALAPADU(09),"KONDABOYANAPALLI(017 )",KONDARAJUPALLI(0811838017020900),Fluoride,1-04-2012
"ANDHRA PRADESH",PRAKASAM(08),"C.S.PURAM (38)",K.AGRAHARAM(11),"MUSUNUR(021 )",RAMAPURAM(0811838021041100),Fluoride,1-04-2012
"ANDHRA PRADESH",PRAKASAM(08),"C.S.PURAM (38)",K.AGRAHARAM(11),"MUSUNUR(021 )",K.AGRAHARAM(0811838021051100),Fluoride,1-04-2012
"ANDHRA PRADESH",PRAKASAM(08),"C.S.PURAM (38)",K.AGRAHARAM(11),"MUSUNUR(021 )",VENKATAREDDYPALLI(0811838021071100),Fluoride,1-04-2012
"ANDHRA PRADESH",PRAKASAM(08),"C.S.PURAM (38)",KOVILAMPADU(13),"KOVILAMPADU(025 )",KOVILAMPADU(0811838025011300),Fluoride,1-04-2012
"ANDHRA PRADESH",PRAKASAM(08),"C.S.PURAM (38)",KOVILAMPADU(13),"KOVILAMPADU(025 )",SEELAMVARIALLI(0811838025021300),Fluoride,1-04-2012
"ANDHRA PRADESH",PRAKASAM(08),"C.S.PURAM (38)",KOVILAMPADU(13),"KOVILAMPADU(025 )",MITTAPALEM(0811838025031301),Fluoride,1-04-2012
"ANDHRA PRADESH",PRAKASAM(08),"C.S.PURAM (38)",ANIKALAPALLI(14),"ANIKALAPALLI(026 )",ANIKALAPALLI(0811838026011400),Fluoride,1-04-2012
"ANDHRA PRADESH",PRAKASAM(08),"C.S.PURAM (38)",ANIKALAPALLI(14),"ANIKALAPALLI(026 )",MUNAGALAVARIPALLI(0811838026021400),Fluoride,1-04-2012
"ANDHRA PRADESH",PRAKASAM(08),"C.S.PURAM (38)",ANIKALAPALLI(14),"ANIKALAPALLI(026 )",PATHURU(0811838026031400),Fluoride,1-04-2012
"ANDHRA PRADESH",PRAKASAM(08),"C.S.PURAM (38)",NALLAMADUGULA(15),"NALLAMADUGULA(027 )",CHRISTIANPALEM(0811838027021501),Fluoride,1-04-2012
"ANDHRA PRADESH",PRAKASAM(08),"C.S.PURAM (38)",GUNTHACHINAMPALLI(16),"GUNTHACHINAMPALLI(029 )",PANDILLAPALLI(0811838029021600),Fluoride,1-04-2012
"ANDHRA PRADESH",PRAKASAM(08),"C.S.PURAM (38)",GUNTHACHINAMPALLI(16),"GUNTHACHINAMPALLI(029 )",PULLAKURAPALLI(0811838029041600),Fluoride,1-04-2012
"ANDHRA PRADESH",PRAKASAM(08),"C.S.PURAM (38)",V.BAILU(19),"V.BAILU(032 )",MYLUCHERLA(0811838032021900),Fluoride,1-04-2012
"ANDHRA PRADESH",PRAKASAM(08),"C.S.PURAM (38)",KHAMBHAMPADU(23),"KHAMBHAMPADU(038 )",KHAMBHAMPADU(0811838038012300),Fluoride,1-04-2012
"ANDHRA PRADESH",PRAKASAM(08),VELIGANDLA(39),P.NAGULAVARAM(01),"P.NAGULAVARAM(001 )",GUMMALAKARRA(0811839001080100),Fluoride,1-04-2012
"ANDHRA PRADESH",PRAKASAM(08),VELIGANDLA(39),"GUDIPATI PALLI(02)","P.NAGULAVARAM(001 )",KATTAKINDIPALLI(0811839001040200),Fluoride,1-04-2012
"ANDHRA PRADESH",PRAKASAM(08),VELIGANDLA(39),"GUDIPATI PALLI(02)","P.NAGULAVARAM(001 )","GUDIPATI PALLI(0811839001060200)",Fluoride,1-04-2012
"ANDHRA PRADESH",PRAKASAM(08),VELIGANDLA(39),JALLAPALEM(03),"P.NAGULAVARAM(001 )",JALLAPALEM(0811839001110300),Fluoride,1-04-2012
"ANDHRA PRADESH",PRAKASAM(08),VELIGANDLA(39),JALLAPALEM(03),"P.NAGULAVARAM(001 )","MUSILI PALLI(0811839001120300)",Fluoride,1-04-2012
"ANDHRA PRADESH",PRAKASAM(08),VELIGANDLA(39),P.RALLAPALLI(05),"P.RALLAPALLI(004 )",PULIKUNTLA(0811839004020500),Fluoride,1-04-2012
"ANDHRA PRADESH",PRAKASAM(08),VELIGANDLA(39),GANNAVARAM(06),"GANNAVARAM(008 )",GANNAVARAM(0811839008010600),Fluoride,1-04-2012
"ANDHRA PRADESH",PRAKASAM(08),VELIGANDLA(39),GANNAVARAM(06),"GANNAVARAM(008 )",CHENNAMPALLI(0811839008020600),Fluoride,1-04-2012
"ANDHRA PRADESH",PRAKASAM(08),VELIGANDLA(39),GANNAVARAM(06),"GANNAVARAM(008 )",GANDLOPALLI(0811839008030600),Fluoride,1-04-2012
"ANDHRA PRADESH",PRAKASAM(08),VELIGANDLA(39),VELIGANDLA(07),"VELIGANDLA(018 )",SURAVARIPALLI(0811839018020700),Fluoride,1-04-2012
"ANDHRA PRADESH",PRAKASAM(08),VELIGANDLA(39),KANKANAMPADU(08),"KANKANAMPADU(010 )",PAPIREDDYPALLI(0811839010030800),Fluoride,1-04-2012
"ANDHRA PRADESH",PRAKASAM(08),VELIGANDLA(39),KANKANAMPADU(08),"KANKANAMPADU(010 )",SUDHANAGUNTA(0811839010040800),Fluoride,1-04-2012
"ANDHRA PRADESH",PRAKASAM(08),VELIGANDLA(39),KANKANAMPADU(08),"K.AGRAHARAM(011 )",K.AGRAHARAM(0811839011010800),Fluoride,1-04-2012
"ANDHRA PRADESH",PRAKASAM(08),VELIGANDLA(39),BALLAVARAM(09),"BALLAVARAM(012 )",BALLAVARAM(0811839012010900),Fluoride,1-04-2012
"ANDHRA PRADESH",PRAKASAM(08),VELIGANDLA(39),BALLAVARAM(09),"HUSSAINPURAM(014 )",NARASAMAMBAPURAM(0811839014030900),Fluoride,1-04-2012
"ANDHRA PRADESH",PRAKASAM(08),VELIGANDLA(39),HUSSAINPURAM(10),"HUSSAINPURAM(014 )",PADMAPURAM(0811839014041000),Fluoride,1-04-2012
"ANDHRA PRADESH",PRAKASAM(08),VELIGANDLA(39),HUSSAINPURAM(10),"HUSSAINPURAM(014 )","BONTHAGUNTA COLONY(0811839014051000)",Fluoride,1-04-2012
"ANDHRA PRADESH",PRAKASAM(08),VELIGANDLA(39),MOGALLUR(11),"MOGALLUR(017 )",MOGULLURPALLI(0811839017031100),Fluoride,1-04-2012
"ANDHRA PRADESH",PRAKASAM(08),VELIGANDLA(39),MOGALLUR(11),"MOGALLUR(017 )",VEERAREDDYPALLI(0811839017041100),Fluoride,1-04-2012
"ANDHRA PRADESH",PRAKASAM(08),VELIGANDLA(39),GOKULAM(12),"VELIGANDLA(018 )",GOKULAM(0811839018041200),Fluoride,1-04-2012
"ANDHRA PRADESH",PRAKASAM(08),VELIGANDLA(39),GOKULAM(12),"VELIGANDLA(018 )",MALLAMRAJUPALLI(0811839018051200),Fluoride,1-04-2012
"ANDHRA PRADESH",PRAKASAM(08),VELIGANDLA(39),RAMAGOPALAPURAM(13),"RAMAGOPALAPURAM(019 )",VENGALAREDDYPALLI(0811839019021300),Fluoride,1-04-2012
"ANDHRA PRADESH",PRAKASAM(08),VELIGANDLA(39),RAMAGOPALAPURAM(13),"RAMAGOPALAPURAM(019 )",PATHUR(0811839019031300),Fluoride,1-04-2012
"ANDHRA PRADESH",PRAKASAM(08),VELIGANDLA(39),RAMAGOPALAPURAM(13),"RAMAGOPALAPURAM(019 )",KAMMAPADU(0811839019051300),Fluoride,1-04-2012
"ANDHRA PRADESH",PRAKASAM(08),VELIGANDLA(39),IMMADICHERUVU(15),"IMMADICHERUVU(021 )",NADIMPALLI(0811839021021500),Fluoride,1-04-2012
"ANDHRA PRADESH",PRAKASAM(08),VELIGANDLA(39),IMMADICHERUVU(15),"IMMADICHERUVU(021 )",KOTHAPALLI(0811839021031500),Fluoride,1-04-2012
"ANDHRA PRADESH",PRAKASAM(08),VELIGANDLA(39),IMMADICHERUVU(15),"IMMADICHERUVU(021 )",PAPAYAPALLI(0811839021051500),Fluoride,1-04-2012
"ANDHRA PRADESH",PRAKASAM(08),VELIGANDLA(39),VEDULLACHERUVU(17),"VEDULLACHERUVU(022 )",THIRUMALAREDDYPALLI(0811839022041700),Fluoride,1-04-2012
"ANDHRA PRADESH",PRAKASAM(08),VELIGANDLA(39),KOTTALAPALLI(18),"KOTTALAPALLI(023 )",BANDIREDDYPALLI(0811839023021800),Fluoride,1-04-2012
"ANDHRA PRADESH",PRAKASAM(08),VELIGANDLA(39),CHOWDAVARAM(19),"CHOWDAVARAM(024 )",CHOWDAVARAM(0811839024011900),Fluoride,1-04-2012
"ANDHRA PRADESH",PRAKASAM(08),VELIGANDLA(39),MARAPAGUNTLA(20),"MARAPAGUNTLA(025 )",MARAPAGUNTLA(0811839025012000),Fluoride,1-04-2012
"ANDHRA PRADESH",PRAKASAM(08),P.C.PALLI(40),VEPAGUMPALLI(13),"VEPAGUMPALLI(016 )",GADDAMEEDIPALLI(0811840016021300),Fluoride,1-04-2012
"ANDHRA PRADESH",PRAKASAM(08),P.C.PALLI(40),CHINTAGUMPALLI(14),"CHINTAGUMPALLI(017 )",VELUTHURIVARIPALLI(0811840017021400),Fluoride,1-04-2012
"ANDHRA PRADESH",PRAKASAM(08),P.C.PALLI(40),GUNTUPALLI(15),"SANKARAPURAM(019 )",SANKARAPURAM(0811840019011500),Fluoride,1-04-2012
"ANDHRA PRADESH",PRAKASAM(08),P.C.PALLI(40),PEDAIRLAPADU(16),"PEDAIRLAPADU(021 )",KODURIVARIPALLI(0811840021031600),Fluoride,1-04-2012
"ANDHRA PRADESH",PRAKASAM(08),P.C.PALLI(40),PEDAIRLAPADU(16),"PEDAIRLAPADU(021 )",DESIREDDYPALLI(0811840021061600),Fluoride,1-04-2012
"ANDHRA PRADESH",PRAKASAM(08),P.C.PALLI(40),VENGALAYAPALLI(17),"PEDAIRLAPADU(021 )",VENGALAYAPALLI(0811840021021700),Fluoride,1-04-2012
"ANDHRA PRADESH",PRAKASAM(08),P.C.PALLI(40),VENGALAYAPALLI(17),"PEDAIRLAPADU(021 )",DIVAKARAPURAM(0811840021051700),Fluoride,1-04-2012
"ANDHRA PRADESH",PRAKASAM(08),P.C.PALLI(40),LAKSHMAKKAPALLI(18),"LAKSHMAKKAPALLI(022 )",LAKSHMAKKAPALLI(0811840022011800),Fluoride,1-04-2012
"ANDHRA PRADESH",PRAKASAM(08),PAMUR(52),"WEST KATTAKINDAPALLI(01)","WEST KATTAKINDAPALLI(001 )",DODDAVENKATAPALLII(0811852001020100),Fluoride,1-04-2012
"ANDHRA PRADESH",PRAKASAM(08),PAMUR(52),DADIREDIPALLI(03),"DADIREDDYPALLI(003 )",DADIREDDYPALLI(0811852003010300),Fluoride,1-04-2012
"ANDHRA PRADESH",PRAKASAM(08),PAMUR(52),DADIREDIPALLI(03),"DADIREDDYPALLI(003 )",CHATTUMADUGU(0811852003020300),Fluoride,1-04-2012
"ANDHRA PRADESH",PRAKASAM(08),PAMUR(52),VAGGAMPALLI(04),"GUMMANENIPADU(004 )",GUMMANAMPADU(0811852004010400),Fluoride,1-04-2012
"ANDHRA PRADESH",PRAKASAM(08),PAMUR(52),VAGGAMPALLI(04),"VAGGAMPALLI(005 )",VAGGAMPALLI(0811852005010400),Fluoride,1-04-2012
"ANDHRA PRADESH",PRAKASAM(08),PAMUR(52),VAGGAMPALLI(04),"VAGGAMPALLI(005 )",KONDAREDDIPALLI(0811852005020400),Fluoride,1-04-2012
"ANDHRA PRADESH",PRAKASAM(08),PAMUR(52),VAGGAMPALLI(04),"VAGGAMPALLI(005 )",BHUMIREDDYPALLI(0811852005030400),Fluoride,1-04-2012
"ANDHRA PRADESH",PRAKASAM(08),PAMUR(52),VAGGAMPALLI(04),"VAGGAMPALLI(005 )",BASIREDDYPALLI(0811852005040400),Fluoride,1-04-2012
"ANDHRA PRADESH",PRAKASAM(08),PAMUR(52),VAGGAMPALLI(04),"VAGGAMPALLI(005 )",PEDDYREDDYPALLIKOSTALU(0811852005050400),Fluoride,1-04-2012
"ANDHRA PRADESH",PRAKASAM(08),PAMUR(52),RANIGUNTAPALLI(05),"RAVIGUNTAPALLI(006 )",RAVIGUNTAPALLI(0811852006010500),Fluoride,1-04-2012
"ANDHRA PRADESH",PRAKASAM(08),PAMUR(52),RANIGUNTAPALLI(05),"RAVIGUNTAPALLI(006 )",KOTHAPALLI(0811852006030500),Fluoride,1-04-2012
"ANDHRA PRADESH",PRAKASAM(08),PAMUR(52),NARRAMARELLA(07),"INIMERLA(008 )",NARRAMARELLA(0811852008030700),Fluoride,1-04-2012
"ANDHRA PRADESH",PRAKASAM(08),PAMUR(52),NARRAMARELLA(07),"INIMERLA(008 )",CHENCHIREDDYPALLI(0811852008040700),Fluoride,1-04-2012
"ANDHRA PRADESH",PRAKASAM(08),PAMUR(52),NUTCHUPODA(08),"TIRAGALADINNE(017 )",TIRAGANDLADINNE(0811852017010800),Fluoride,1-04-2012
"ANDHRA PRADESH",PRAKASAM(08),PAMUR(52),NUTCHUPODA(08),"TIRAGALADINNE(017 )",NUTCHUPODA(0811852017020800),Fluoride,1-04-2012
"ANDHRA PRADESH",PRAKASAM(08),PAMUR(52),CHINTALAPALEM(09),"MOTRABULAPADU(010 )",MOTRAVULAPADU(0811852010010900),Fluoride,1-04-2012
"ANDHRA PRADESH",PRAKASAM(08),PAMUR(52),DUBAGUNTA(11),"DUBAGUNTA(014 )",DUBHAGUNTA(0811852014011100),Fluoride,1-04-2012
"ANDHRA PRADESH",PRAKASAM(08),PAMUR(52),DUBAGUNTA(11),"DUBAGUNTA(014 )",KATAMVARIPALLI(0811852014051100),Fluoride,1-04-2012
"ANDHRA PRADESH",PRAKASAM(08),PAMUR(52),BUKKAPURAM(12),"BUKKAPURAM(013 )",THATHAYAPALLI(0811852013021200),Fluoride,1-04-2012
"ANDHRA PRADESH",PRAKASAM(08),PAMUR(52),PAMUR(13),"PAMUR(015 )",GOPALAPURAM(0811852015021300),Fluoride,1-04-2012
"ANDHRA PRADESH",PRAKASAM(08),PAMUR(52),PAMUR(13),"PAMUR(015 )","DHANEKULAVARI PALEM(0811852015031300)",Fluoride,1-04-2012
