"Sl. No.",State/UT,District,Grade,"District score 2021-22 - Overall","District score 2021-22 - Category - 1.Outcome (290)","District score 2021-22 - Category - 2. ECT (90)","District score 2021-22 - Category - 3. IF&SE (51)","District score 2021-22 - Category - 4.SS&CP (35)","District score 2021-22 - Category - 5. DL (50)","District score 2021-22 - Category - 6. GP (84)"
1,"Andaman and Nicobar Islands","Middle and North Andamans",Uttam,381,139,85,39,32,15,69
2,"Andaman and Nicobar Islands",Andamans,Uttam,375,134,86,38,30,22,63
3,"Andaman and Nicobar Islands",Nicobars,Uttam,367,134,85,40,33,16,59
4,"Andhra Pradesh",Visakhapatnam,Uttam,397,153,84,41,35,18,66
5,"Andhra Pradesh",Guntur,Uttam,393,146,86,36,35,16,74
6,"Andhra Pradesh",Vizianagaram,Uttam,390,148,83,42,35,14,68
7,"Andhra Pradesh",Chittoor,Uttam,385,139,83,42,35,16,69
8,"Andhra Pradesh","East Godavari",Uttam,383,149,85,32,35,12,69
9,"Andhra Pradesh",Krishna,Uttam,381,134,84,42,35,14,72
10,"Andhra Pradesh",Kadapa,Uttam,379,139,82,36,35,14,73
11,"Andhra Pradesh",Srikakulam,Uttam,376,142,85,34,35,15,65
12,"Andhra Pradesh",Nellore,Uttam,373,141,82,27,35,16,71
13,"Andhra Pradesh","West Godavari",Uttam,364,120,85,44,32,15,68
14,"Andhra Pradesh",Anantapur,Uttam,363,134,81,39,35,9,64
15,"Andhra Pradesh",Prakasam,Prachesta-1,344,122,82,33,35,12,61
16,"Andhra Pradesh",Kurnool,Prachesta-1,341,113,86,24,35,13,71
17,"Arunachal Pradesh","Lower Subansiri",Uttam,361,159,77,40,25,8,53
18,"Arunachal Pradesh","Lower Dibang Valley",Prachesta-1,306,109,70,34,29,11,54
19,"Arunachal Pradesh","East Siang",Prachesta-1,306,117,64,41,25,9,50
20,"Arunachal Pradesh",Tawang,Prachesta-2,296,104,63,43,20,12,53
21,"Arunachal Pradesh",Kamle,Prachesta-2,293,141,64,37,5,8,37
22,"Arunachal Pradesh","Pakke Kessang",Prachesta-2,288,101,59,38,23,15,54
23,"Arunachal Pradesh",Lohit,Prachesta-2,284,101,68,30,29,5,50
24,"Arunachal Pradesh","Capital Complex Itanagar",Prachesta-2,281,104,51,37,17,14,58
25,"Arunachal Pradesh","KRA Dadi",Prachesta-2,277,104,62,37,18,3,53
26,"Arunachal Pradesh","West Siang",Prachesta-2,275,104,63,37,17,8,47
27,"Arunachal Pradesh",Anjaw,Prachesta-2,275,106,62,27,21,5,54
28,"Arunachal Pradesh",Tirap,Prachesta-2,275,105,69,35,29,5,32
29,"Arunachal Pradesh","Papum Pare",Prachesta-2,273,111,69,30,8,3,52
30,"Arunachal Pradesh","Dibang Valley",Prachesta-2,266,99,65,34,13,4,51
31,"Arunachal Pradesh","Upper Siang",Prachesta-2,266,105,63,33,16,5,44
32,"Arunachal Pradesh",Namsai,Prachesta-2,264,103,62,30,10,5,53
33,"Arunachal Pradesh","East Kameng",Prachesta-2,263,91,61,33,20,6,53
34,"Arunachal Pradesh","LEPA RADA",Prachesta-2,261,105,50,26,25,14,41
35,"Arunachal Pradesh",Changlang,Prachesta-2,258,82,63,39,19,6,47
36,"Arunachal Pradesh","Lower Siang",Prachesta-2,252,86,53,29,26,4,53
37,"Arunachal Pradesh",Longding,Prachesta-3,239,71,56,34,22,7,48
38,"Arunachal Pradesh","West Kameng",Prachesta-3,233,97,38,29,10,11,49
39,"Arunachal Pradesh",Siang,Prachesta-3,229,106,41,30,16,8,28
40,"Arunachal Pradesh","Kurung Kumey",Prachesta-3,223,74,55,28,14,5,48
41,"Arunachal Pradesh","Upper Subansiri",Prachesta-3,219,77,53,30,5,2,52
42,"Arunachal Pradesh","SHI YOMI",Prachesta-3,205,80,34,31,16,4,40
43,Assam,Majuli,Uttam,371,154,80,41,30,3,63
44,Assam,"Kamrup- Metro",Uttam,367,157,74,35,21,13,67
45,Assam,Jorhat,Uttam,363,147,81,41,31,5,59
46,Assam,Sibsagar,Uttam,363,150,73,41,25,7,68
47,Assam,"Kamrup- Rural",Uttam,363,134,83,45,29,3,69
48,Assam,Goalpara,Prachesta-1,354,122,74,46,27,5,80
49,Assam,Charaideo,Prachesta-1,353,140,71,47,27,3,64
50,Assam,Udalguri,Prachesta-1,353,123,82,41,30,3,75
51,Assam,Dibrugarh,Prachesta-1,351,128,85,37,32,6,62
52,Assam,Nalbari,Prachesta-1,348,153,70,40,21,3,61
53,Assam,Tinsukia,Prachesta-1,345,121,84,41,27,11,62
54,Assam,Morigaon,Prachesta-1,341,128,77,42,25,3,65
55,Assam,Darrang,Prachesta-1,335,107,80,45,28,4,71
56,Assam,Sonitpur,Prachesta-1,332,124,66,39,22,6,76
57,Assam,Dhemaji,Prachesta-1,330,133,74,41,21,4,57
58,Assam,Biswanath,Prachesta-1,329,106,78,43,24,4,75
59,Assam,Barpeta,Prachesta-1,326,134,61,37,21,3,70
60,Assam,Hojai,Prachesta-1,326,133,71,27,16,3,75
61,Assam,Karimganj,Prachesta-1,326,124,77,36,27,2,59
62,Assam,"Dima Hasao",Prachesta-1,322,145,74,30,25,3,45
63,Assam,Hailakandi,Prachesta-1,316,127,76,38,14,3,59
64,Assam,Bajali,Prachesta-1,314,128,60,37,22,2,65
65,Assam,Golaghat,Prachesta-1,308,113,75,39,24,7,50
66,Assam,"West Karbi Anglong",Prachesta-1,306,98,73,38,29,3,65
67,Assam,Baksa,Prachesta-1,304,131,61,39,20,3,50
68,Assam,Bongaigaon,Prachesta-1,304,115,71,38,18,4,59
69,Assam,Nagaon,Prachesta-2,296,107,68,41,21,4,55
70,Assam,Dhubri,Prachesta-2,293,132,52,38,9,3,59
71,Assam,Kokrajhar,Prachesta-2,292,111,56,39,15,3,69
72,Assam,Lakhimpur,Prachesta-2,291,126,51,37,19,4,55
73,Assam,Cachar,Prachesta-2,291,119,64,36,20,4,49
74,Assam,"Karbi Anglong",Prachesta-2,288,101,63,38,26,4,56
75,Assam,Tamulpur,Prachesta-2,265,115,61,32,20,2,36
76,Assam,Chirang,Prachesta-2,248,92,46,35,17,5,53
77,Assam,"South Salmara- Mankachar",Akanshi-1,140,78,11,17,19,1,14
78,Bihar,Nalanda,Prachesta-1,338,148,78,30,25,5,51
79,Bihar,Jehanabad,Prachesta-1,321,126,77,27,30,9,53
80,Bihar,"Kaimur (Bhabua)",Prachesta-1,316,133,78,23,29,3,49
81,Bihar,Kishanganj,Prachesta-1,316,124,78,25,35,1,53
82,Bihar,Saharsa,Prachesta-1,315,126,77,26,33,2,51
83,Bihar,Madhubani,Prachesta-1,312,125,75,28,29,5,50
84,Bihar,Nawada,Prachesta-1,312,116,82,29,30,3,52
85,Bihar,Patna,Prachesta-1,312,141,76,25,25,9,35
86,Bihar,Bhojpur,Prachesta-1,308,129,73,25,30,5,46
87,Bihar,Munger,Prachesta-1,306,133,75,17,30,4,47
88,Bihar,Arwal,Prachesta-1,305,123,77,25,25,4,50
89,Bihar,Sheikhpura,Prachesta-1,305,118,77,31,25,4,49
90,Bihar,Muzaffarpur,Prachesta-1,304,116,80,21,34,5,49
91,Bihar,Sitamarhi,Prachesta-2,300,116,71,28,30,3,52
92,Bihar,Buxar,Prachesta-2,298,119,75,23,29,4,47
93,Bihar,Darbhanga,Prachesta-2,298,128,71,20,29,3,45
94,Bihar,"Aurangabad (Bihar)",Prachesta-2,296,122,74,18,25,3,53
95,Bihar,Siwan,Prachesta-2,296,124,76,28,21,3,44
96,Bihar,Begusarai,Prachesta-2,294,130,74,26,25,4,34
97,Bihar,Lakhisarai,Prachesta-2,290,109,80,35,32,4,29
98,Bihar,Vaishali,Prachesta-2,289,124,67,23,24,6,46
99,Bihar,"Purba Champaran",Prachesta-2,289,121,80,20,32,5,31
100,Bihar,Purnia,Prachesta-2,282,113,74,14,27,2,51
101,Bihar,Jamui,Prachesta-2,281,98,76,27,22,8,50
102,Bihar,Bhagalpur,Prachesta-2,280,117,73,23,33,5,29
103,Bihar,"Pashchim Champaran",Prachesta-2,280,106,77,24,25,3,44
104,Bihar,Samastipur,Prachesta-2,275,132,79,19,21,3,21
105,Bihar,Katihar,Prachesta-2,274,125,72,21,25,3,29
106,Bihar,Saran,Prachesta-2,273,120,74,23,24,3,29
107,Bihar,Gopalganj,Prachesta-2,269,129,66,26,18,2,28
108,Bihar,Khagaria,Prachesta-2,268,127,65,21,22,3,31
109,Bihar,Madhepura,Prachesta-2,267,118,68,16,30,4,31
110,Bihar,Rohtas,Prachesta-2,258,117,72,24,16,2,26
111,Bihar,Gaya,Prachesta-2,253,110,73,24,18,5,23
112,Bihar,Sheohar,Prachesta-2,249,106,71,18,20,4,30
113,Bihar,Banka,Prachesta-2,246,99,72,33,16,3,23
114,Bihar,Araria,Prachesta-3,226,90,54,27,18,1,37
115,Bihar,Supaul,Prachesta-3,223,111,57,11,12,1,31
116,Chandigarh,Chandigarh,Ati-Uttam,444,179,88,41,35,31,69
117,Chhattisgarh,Mahasamund,Uttam,391,158,83,44,31,13,63
118,Chhattisgarh,Durg,Uttam,382,138,85,45,30,13,71
119,Chhattisgarh,Surajpur,Uttam,372,131,80,45,29,14,73
120,Chhattisgarh,Dhamtari,Uttam,366,117,83,44,34,15,73
121,Chhattisgarh,Raipur,Uttam,365,138,83,45,28,15,57
122,Chhattisgarh,Surguja,Uttam,362,131,80,43,29,11,66
123,Chhattisgarh,Raigarh,Prachesta-1,357,125,81,41,30,12,68
124,Chhattisgarh,Balodabazar,Prachesta-1,354,126,80,41,27,10,70
125,Chhattisgarh,Gariaband,Prachesta-1,352,123,81,41,32,7,69
126,Chhattisgarh,"Gourela Pendra Marvahi",Prachesta-1,351,116,81,42,31,11,70
127,Chhattisgarh,Balod,Prachesta-1,350,126,83,41,28,9,63
128,Chhattisgarh,Korba,Prachesta-1,350,113,80,43,33,14,66
129,Chhattisgarh,Dantewada,Prachesta-1,349,100,84,46,34,14,70
130,Chhattisgarh,"Janjgir - Champa",Prachesta-1,347,112,83,37,31,9,76
131,Chhattisgarh,Bemetara,Prachesta-1,347,116,83,43,31,9,64
132,Chhattisgarh,Bilaspur,Prachesta-1,345,117,80,42,30,12,65
133,Chhattisgarh,Kanker,Prachesta-1,344,115,80,44,30,6,69
134,Chhattisgarh,Rajnandgaon,Prachesta-1,342,114,82,43,27,8,68
135,Chhattisgarh,Baster,Prachesta-1,336,111,79,41,30,6,68
136,Chhattisgarh,Bijapur,Prachesta-1,335,107,81,44,34,8,61
137,Chhattisgarh,Koriya,Prachesta-1,334,111,82,44,28,6,63
138,Chhattisgarh,Mungeli,Prachesta-1,334,100,83,43,33,10,65
139,Chhattisgarh,Jashpur,Prachesta-1,329,112,81,44,29,7,55
140,Chhattisgarh,Kondagaon,Prachesta-1,327,98,80,42,26,10,70
141,Chhattisgarh,"Balrampur Cg",Prachesta-1,326,112,82,43,28,5,57
142,Chhattisgarh,Narayanpur,Prachesta-1,323,88,82,44,30,8,71
143,Chhattisgarh,Kawardha,Prachesta-1,316,105,80,41,29,7,54
144,Chhattisgarh,Sukma,Prachesta-1,305,86,78,43,32,4,63
145,"Dadra and Nagar Haveli and Daman and Diu","Diu (Dist)",Uttam,387,135,79,38,32,33,70
146,"Dadra and Nagar Haveli and Daman and Diu","Daman (Dist)",Prachesta-1,359,122,83,47,35,27,45
147,"Dadra and Nagar Haveli and Daman and Diu","Dadra and Nagar Haveli (Dist)",Prachesta-1,354,117,82,47,28,21,59
148,Delhi,"New Delhi",Ati-Uttam,441,165,88,46,35,33,75
149,Delhi,"South West A",Ati-Uttam,438,161,88,47,35,32,75
150,Delhi,"South West B",Ati-Uttam,430,153,88,46,35,32,76
151,Delhi,South,Ati-Uttam,430,155,88,46,35,30,75
152,Delhi,East,Ati-Uttam,428,157,88,46,35,29,73
153,Delhi,"North West B",Ati-Uttam,425,152,88,47,35,29,74
154,Delhi,North,Ati-Uttam,421,152,87,45,35,27,75
155,Delhi,"West B",Ati-Uttam,421,147,87,46,35,30,76
156,Delhi,Central,Uttam,418,150,86,45,35,27,75
157,Delhi,"South East",Uttam,416,147,87,46,35,29,72
158,Delhi,"West A",Uttam,411,137,88,47,35,29,75
159,Delhi,"North West A",Uttam,407,142,88,38,35,29,75
160,Delhi,"North East",Uttam,399,129,88,45,35,26,76
161,Goa,"North Goa",Uttam,362,137,82,35,29,23,56
162,Goa,"South Goa",Prachesta-1,357,144,80,33,28,20,52
163,Gujarat,Valsad,Ati-Uttam,429,156,85,46,35,27,82
164,Gujarat,Junagadh,Ati-Uttam,425,153,86,43,34,27,82
165,Gujarat,"Sabar Kantha",Ati-Uttam,421,152,86,44,35,26,78
166,Gujarat,Vadodara,Uttam,418,154,87,41,28,28,80
167,Gujarat,Anand,Uttam,411,142,86,45,32,27,79
168,Gujarat,Botad,Uttam,408,139,83,43,33,31,79
169,Gujarat,Aravalli,Uttam,407,142,83,46,35,25,77
170,Gujarat,Navsari,Uttam,404,133,86,45,31,30,78
171,Gujarat,Mahesana,Uttam,403,147,83,38,33,28,75
172,Gujarat,Jamnagar,Uttam,401,131,86,42,34,28,79
173,Gujarat,Bharuch,Uttam,399,137,82,38,34,26,82
174,Gujarat,Kheda,Uttam,397,130,86,41,32,28,80
175,Gujarat,"Devbhoomi Dwarka",Uttam,394,134,87,40,31,29,74
176,Gujarat,Mahisagar,Uttam,393,136,84,39,30,27,77
177,Gujarat,Narmada,Uttam,391,155,76,40,26,17,78
178,Gujarat,"Panch Mahals",Uttam,390,141,81,40,32,20,76
179,Gujarat,Dohad,Uttam,389,131,86,42,29,21,81
180,Gujarat,Ahmedabad,Uttam,388,136,84,41,27,27,74
181,Gujarat,Kachchh,Uttam,387,119,86,44,30,29,79
182,Gujarat,Chhotaudepur,Uttam,387,146,71,44,28,24,74
183,Gujarat,Surat,Uttam,382,140,75,42,26,24,75
184,Gujarat,Surendranagar,Uttam,379,119,87,37,35,28,74
185,Gujarat,Tapi,Uttam,378,119,83,43,32,23,76
186,Gujarat,"The Dangs",Uttam,377,127,79,46,34,17,75
187,Gujarat,"Gir Somnath",Uttam,375,126,75,41,32,26,75
188,Gujarat,Bhavnagar,Uttam,374,120,83,40,22,30,79
189,Gujarat,Rajkot,Uttam,374,120,77,43,25,28,80
190,Gujarat,Amreli,Uttam,373,126,77,38,25,28,79
191,Gujarat,Patan,Uttam,367,113,79,41,28,26,80
192,Gujarat,Morbi,Uttam,363,108,83,42,24,28,78
193,Gujarat,Porbandar,Prachesta-1,360,117,79,38,24,26,77
194,Gujarat,"Banas Kantha",Prachesta-1,358,117,72,37,34,27,72
195,Gujarat,Gandhinagar,Prachesta-1,341,108,67,42,19,30,75
196,Haryana,Jind,Uttam,387,142,79,42,31,20,72
197,Haryana,Gurugram,Uttam,379,160,78,40,18,24,59
198,Haryana,Yamunanagar,Uttam,377,158,77,41,24,16,60
199,Haryana,Rohtak,Uttam,376,147,80,37,29,20,63
200,Haryana,Rewari,Uttam,375,163,80,45,25,15,47
201,Haryana,Hisar,Uttam,371,149,82,42,26,16,54
202,Haryana,Faridabad,Uttam,369,147,80,40,18,24,62
203,Haryana,Kurukshetra,Uttam,369,145,78,42,24,18,62
204,Haryana,Sonipat,Uttam,369,155,77,40,28,18,51
205,Haryana,Jhajjar,Uttam,361,150,64,42,23,21,60
206,Haryana,Fatehabad,Uttam,360,143,76,40,27,14,60
207,Haryana,Kaithal,Prachesta-1,358,137,79,41,24,20,56
208,Haryana,Bhiwani,Prachesta-1,357,136,83,44,20,13,61
209,Haryana,Panchkula,Prachesta-1,351,150,75,30,26,15,56
210,Haryana,Karnal,Prachesta-1,347,133,73,42,23,16,60
211,Haryana,Mahendragarh,Prachesta-1,346,153,73,40,21,12,48
212,Haryana,Panipat,Prachesta-1,345,138,72,43,15,17,60
213,Haryana,"Charkhi Dadri",Prachesta-1,345,127,85,43,21,14,55
214,Haryana,Ambala,Prachesta-1,329,126,66,39,28,13,59
215,Haryana,Nuh,Prachesta-1,314,113,81,38,18,9,55
216,Haryana,Palwal,Prachesta-1,313,128,70,38,13,12,51
217,Haryana,Sirsa,Prachesta-1,308,125,69,36,18,11,48
218,"Himachal Pradesh","Bilaspur (H.P.)",Prachesta-1,358,142,86,43,25,10,53
219,"Himachal Pradesh",Chamba,Prachesta-1,357,137,80,35,35,12,56
220,"Himachal Pradesh",Mandi,Prachesta-1,336,129,80,37,29,10,50
221,"Himachal Pradesh",Shimla,Prachesta-1,324,132,76,37,26,12,42
222,"Himachal Pradesh",Kullu,Prachesta-1,322,112,77,41,29,12,51
223,"Himachal Pradesh",Kangra,Prachesta-1,317,120,81,40,21,13,41
224,"Himachal Pradesh",Kinnaur,Prachesta-1,316,121,73,38,20,13,51
225,"Himachal Pradesh","Hamirpur (H.P.)",Prachesta-1,314,120,78,46,11,14,46
226,"Himachal Pradesh",Solan,Prachesta-1,307,114,69,37,28,13,46
227,"Himachal Pradesh",Sirmaur,Prachesta-1,303,115,69,34,28,11,46
228,"Himachal Pradesh",Una,Prachesta-2,297,121,73,36,15,14,38
229,"Himachal Pradesh","Lahul & Spiti",Prachesta-2,249,110,45,28,21,8,37
230,"Jammu and Kashmir",Srinagar,Uttam,374,172,74,36,25,15,51
231,"Jammu and Kashmir",Kulgam,Prachesta-1,360,148,84,31,33,9,55
232,"Jammu and Kashmir",Shopian,Prachesta-1,357,148,80,36,30,12,53
233,"Jammu and Kashmir",Pulwama,Prachesta-1,341,161,77,30,12,8,53
234,"Jammu and Kashmir",Anantnag,Prachesta-1,341,163,68,30,19,6,55
235,"Jammu and Kashmir",Rajauri,Prachesta-1,340,130,78,40,30,6,55
236,"Jammu and Kashmir",Jammu,Prachesta-1,325,159,66,33,15,12,41
237,"Jammu and Kashmir",Ganderbal,Prachesta-1,324,123,82,36,23,9,51
238,"Jammu and Kashmir",Badgam,Prachesta-1,313,132,68,31,17,10,55
239,"Jammu and Kashmir",Bandipora,Prachesta-1,311,132,65,33,19,7,55
240,"Jammu and Kashmir",Kupwara,Prachesta-1,307,125,75,33,19,7,48
241,"Jammu and Kashmir",Baramula,Prachesta-1,303,133,65,36,10,7,53
242,"Jammu and Kashmir",Punch,Prachesta-2,291,127,60,37,18,8,42
243,"Jammu and Kashmir",Doda,Prachesta-2,279,109,71,37,21,7,34
244,"Jammu and Kashmir",Samba,Prachesta-2,279,126,62,39,17,10,25
245,"Jammu and Kashmir",Kathua,Prachesta-2,277,127,51,37,22,7,33
246,"Jammu and Kashmir",Kishtwar,Prachesta-2,263,114,68,27,21,4,29
247,"Jammu and Kashmir",Udhampur,Prachesta-2,253,100,67,36,12,8,30
248,"Jammu and Kashmir",Ramban,Prachesta-2,249,106,67,31,9,4,32
249,"Jammu and Kashmir",Reasi,Prachesta-2,248,87,71,35,17,7,31
250,Jharkhand,"Saraikela- Kharsawan",Uttam,373,147,84,36,35,14,56
251,Jharkhand,Garhwa,Uttam,368,154,81,28,34,15,57
252,Jharkhand,Giridih,Uttam,361,132,85,36,34,7,68
253,Jharkhand,Hazaribag,Prachesta-1,352,129,84,25,33,11,70
254,Jharkhand,"Purbi Singhbhum",Prachesta-1,350,153,75,32,14,11,65
255,Jharkhand,Pakaur,Prachesta-1,345,119,80,37,28,13,67
256,Jharkhand,Ranchi,Prachesta-1,340,124,82,34,25,10,65
257,Jharkhand,Palamu,Prachesta-1,331,114,81,38,34,8,56
258,Jharkhand,Chatra,Prachesta-1,330,107,79,38,29,12,64
259,Jharkhand,Ramgarh,Prachesta-1,326,106,83,37,27,10,63
260,Jharkhand,Dhanbad,Prachesta-1,324,120,73,36,22,9,64
261,Jharkhand,Deoghar,Prachesta-1,318,132,79,37,10,7,54
262,Jharkhand,Latehar,Prachesta-1,314,96,78,40,28,7,65
263,Jharkhand,Bokaro,Prachesta-1,310,135,66,29,11,11,58
264,Jharkhand,Lohardaga,Prachesta-1,308,115,71,35,13,10,62
265,Jharkhand,Simdega,Prachesta-1,306,113,79,33,19,7,55
266,Jharkhand,"Pashchimi Singhbhum",Prachesta-1,306,114,80,37,2,17,57
267,Jharkhand,Jamtara,Prachesta-2,292,102,71,39,14,6,60
268,Jharkhand,Kodarma,Prachesta-2,288,106,69,33,23,9,47
269,Jharkhand,Gumla,Prachesta-2,286,115,75,33,6,5,52
270,Jharkhand,Khunti,Prachesta-2,284,97,78,31,13,5,60
271,Jharkhand,Sahibganj,Prachesta-2,275,101,73,26,18,6,52
272,Jharkhand,Godda,Prachesta-2,262,107,61,24,9,5,55
273,Jharkhand,Dumka,Prachesta-3,224,106,48,29,0,5,37
274,Karnataka,"Belagavi Chikkodi",Uttam,409,190,83,37,30,11,58
275,Karnataka,Hassan,Uttam,405,164,82,45,33,13,68
276,Karnataka,"Dakshina Kannada",Uttam,402,146,86,48,35,21,68
277,Karnataka,Udupi,Uttam,400,158,87,42,30,22,62
278,Karnataka,Chikkamangaluru,Uttam,393,155,82,44,35,15,62
279,Karnataka,Mandya,Uttam,392,151,83,46,34,17,61
280,Karnataka,"Uttara Kannada Sirsi",Uttam,390,154,85,46,34,11,59
281,Karnataka,"Bengaluru U South",Uttam,390,155,81,40,30,27,55
282,Karnataka,Bagalkot,Uttam,387,165,81,41,29,15,56
283,Karnataka,Koppal,Uttam,387,159,85,30,34,17,62
284,Karnataka,Chitradurga,Uttam,385,157,81,38,35,12,62
285,Karnataka,Tumakuru,Uttam,384,161,82,40,31,13,57
286,Karnataka,Vijayapura,Uttam,382,152,84,38,35,11,62
287,Karnataka,Kolar,Uttam,381,145,85,41,35,15,61
288,Karnataka,"Bengaluru Rural",Uttam,380,142,84,42,35,13,64
289,Karnataka,"Uttara Kannada",Uttam,377,157,81,43,27,11,59
290,Karnataka,Dharwad,Uttam,376,137,86,38,35,17,63
291,Karnataka,"Bengaluru U North",Uttam,372,142,80,41,24,25,60
292,Karnataka,Gadag,Uttam,371,128,84,42,33,19,64
293,Karnataka,Shivamogga,Uttam,370,135,82,47,30,15,61
294,Karnataka,Ballari,Uttam,366,137,85,30,35,17,63
295,Karnataka,Davanagere,Uttam,363,144,80,40,32,12,56
296,Karnataka,Kodagu,Uttam,363,145,82,44,20,17,55
297,Karnataka,Kalburgi,Uttam,362,142,83,37,28,13,60
298,Karnataka,Bidar,Prachesta-1,358,140,83,43,33,15,44
299,Karnataka,Belagavi,Prachesta-1,358,129,80,41,33,14,62
300,Karnataka,Mysuru,Prachesta-1,356,129,82,36,35,16,58
301,Karnataka,Vijayanagara,Prachesta-1,346,119,85,30,35,14,62
302,Karnataka,Haveri,Prachesta-1,346,133,77,42,26,11,56
303,Karnataka,Chikkaballapura,Prachesta-1,344,113,85,37,35,17,57
304,Karnataka,Chamarajanagara,Prachesta-1,341,125,80,42,30,12,53
305,Karnataka,Ramanagara,Prachesta-1,339,125,75,40,25,12,62
306,Karnataka,Raichur,Prachesta-1,331,143,70,39,31,8,39
307,Karnataka,"Tumakuru Madhugiri",Prachesta-1,330,148,72,36,14,7,53
308,Karnataka,Yadagiri,Prachesta-1,325,113,80,37,33,10,52
309,Kerala,Thrissur,Ati-Uttam,442,162,82,49,35,33,82
310,Kerala,Thiruvananthapuram,Ati-Uttam,441,165,85,45,35,32,80
311,Kerala,Ernakulam,Ati-Uttam,437,173,86,38,31,31,77
312,Kerala,Kottayam,Ati-Uttam,433,167,80,44,29,31,82
313,Kerala,Kollam,Ati-Uttam,427,159,85,40,35,27,81
314,Kerala,Kannur,Ati-Uttam,425,148,82,48,35,30,82
315,Kerala,Malappuram,Ati-Uttam,423,152,86,43,35,31,76
316,Kerala,Pathanamthitta,Ati-Uttam,422,151,86,42,35,27,82
317,Kerala,Alappuzha,Uttam,420,154,84,37,34,30,81
318,Kerala,Idukki,Uttam,418,147,86,41,35,29,80
319,Kerala,Kozhikode,Uttam,413,146,82,39,35,29,82
320,Kerala,Palakkad,Uttam,410,139,83,41,35,33,79
321,Kerala,Kasaragod,Uttam,402,137,83,40,31,28,83
322,Kerala,Wayanad,Uttam,396,131,80,47,27,29,82
323,Ladakh,"Leh (Ladakh)",Prachesta-1,345,140,79,36,18,16,56
324,Ladakh,Kargil,Prachesta-1,345,116,79,41,35,17,57
325,Lakshadweep,Lakshadweep,Uttam,406,140,88,47,35,32,64
326,"Madhya Pradesh",Bhind,Uttam,377,168,79,35,35,5,55
327,"Madhya Pradesh",Raisen,Uttam,374,169,77,37,31,7,54
328,"Madhya Pradesh",Damoh,Uttam,373,174,78,31,35,6,49
329,"Madhya Pradesh",Panna,Uttam,371,168,78,32,35,4,53
330,"Madhya Pradesh",Sagar,Uttam,369,154,80,36,34,9,57
331,"Madhya Pradesh",Narsimhapur,Uttam,362,157,79,37,30,8,51
332,"Madhya Pradesh",Chhatarpur,Uttam,360,164,80,33,31,5,47
333,"Madhya Pradesh",Bhopal,Prachesta-1,351,138,80,35,35,14,49
334,"Madhya Pradesh",Sidhi,Prachesta-1,351,158,80,33,30,4,46
335,"Madhya Pradesh",Niwari,Prachesta-1,351,148,81,36,35,3,48
336,"Madhya Pradesh",Chhindwara,Prachesta-1,348,131,82,36,35,7,57
337,"Madhya Pradesh",Sheopur,Prachesta-1,347,133,78,31,30,2,72
338,"Madhya Pradesh",Indore,Prachesta-1,346,123,80,40,34,12,57
339,"Madhya Pradesh",Dhar,Prachesta-1,343,128,79,38,33,7,58
340,"Madhya Pradesh",Betul,Prachesta-1,343,120,80,35,31,9,68
341,"Madhya Pradesh",Shahdol,Prachesta-1,341,131,79,33,30,6,62
342,"Madhya Pradesh",Gwalior,Prachesta-1,339,129,85,30,30,12,53
343,"Madhya Pradesh",Katni,Prachesta-1,337,132,79,34,30,6,57
344,"Madhya Pradesh",Vidisha,Prachesta-1,335,134,80,34,30,6,51
345,"Madhya Pradesh",Balaghat,Prachesta-1,335,126,82,38,30,6,53
346,"Madhya Pradesh",Tikamgarh,Prachesta-1,333,143,78,26,35,5,46
347,"Madhya Pradesh",Dewas,Prachesta-1,333,114,80,37,35,8,59
348,"Madhya Pradesh",Rajgarh,Prachesta-1,331,124,80,32,35,7,53
349,"Madhya Pradesh",Morena,Prachesta-1,327,136,72,37,29,1,52
350,"Madhya Pradesh",Seoni,Prachesta-1,327,111,83,35,35,6,56
351,"Madhya Pradesh",Rewa,Prachesta-1,326,113,78,35,35,6,59
352,"Madhya Pradesh",Jabalpur,Prachesta-1,325,126,79,27,35,9,48
353,"Madhya Pradesh",Datia,Prachesta-1,325,123,80,34,30,5,52
354,"Madhya Pradesh",Dindori,Prachesta-1,325,116,79,37,35,5,53
355,"Madhya Pradesh",Satna,Prachesta-1,324,119,79,32,30,5,59
356,"Madhya Pradesh",Ujjain,Prachesta-1,324,122,79,33,33,8,50
357,"Madhya Pradesh",Hoshangabad,Prachesta-1,324,120,80,34,31,9,51
358,"Madhya Pradesh",Sehore,Prachesta-1,323,123,81,33,30,8,48
359,"Madhya Pradesh",Mandla,Prachesta-1,322,117,79,35,32,5,54
360,"Madhya Pradesh",Singrauli,Prachesta-1,320,120,78,34,30,7,51
361,"Madhya Pradesh",Shivpuri,Prachesta-1,318,121,79,30,35,5,49
362,"Madhya Pradesh",Neemuch,Prachesta-1,317,105,82,34,31,9,57
363,"Madhya Pradesh",Shajapur,Prachesta-1,316,113,80,34,31,9,50
364,"Madhya Pradesh",Khargone,Prachesta-1,315,97,79,39,35,6,60
365,"Madhya Pradesh",Mandsaur,Prachesta-1,314,117,79,30,30,7,51
366,"Madhya Pradesh",Guna,Prachesta-1,312,122,78,32,30,4,45
367,"Madhya Pradesh",Khandwa,Prachesta-1,311,116,73,31,30,6,55
368,"Madhya Pradesh",Burhanpur,Prachesta-1,311,102,80,33,35,8,53
369,"Madhya Pradesh",Ashoknagar,Prachesta-1,311,99,79,31,31,7,63
370,"Madhya Pradesh","Agar Malwa",Prachesta-1,309,110,79,32,30,6,52
371,"Madhya Pradesh",Harda,Prachesta-1,301,100,80,29,35,8,49
372,"Madhya Pradesh",Ratlam,Prachesta-1,301,92,81,38,35,6,49
373,"Madhya Pradesh",Umaria,Prachesta-2,299,103,79,32,31,6,48
374,"Madhya Pradesh",Anuppur,Prachesta-2,296,106,79,31,30,5,46
375,"Madhya Pradesh",Barwani,Prachesta-2,293,96,79,32,30,4,51
376,"Madhya Pradesh",Alirajpur,Prachesta-2,279,78,79,32,35,5,49
377,"Madhya Pradesh",Jhabua,Prachesta-2,260,70,78,31,30,5,46
378,Maharashtra,Satara,Ati-Uttam,430,171,86,46,35,25,68
379,Maharashtra,"Mumbai II",Ati-Uttam,424,172,87,34,35,29,67
380,Maharashtra,Kolhapur,Ati-Uttam,422,180,84,40,35,23,60
381,Maharashtra,Nashik,Ati-Uttam,422,173,87,45,34,21,62
382,Maharashtra,Solapur,Uttam,419,178,87,34,35,25,59
383,Maharashtra,"Mumbai (Suburban)",Uttam,415,138,88,46,35,30,78
384,Maharashtra,"Aurangabad (Maharashtra)",Uttam,411,166,87,45,35,23,56
385,Maharashtra,Ratnagiri,Uttam,410,168,84,43,35,21,58
386,Maharashtra,Sangli,Uttam,409,169,86,37,35,22,60
387,Maharashtra,Sindhudurg,Uttam,408,181,82,36,35,18,56
388,Maharashtra,Jalgaon,Uttam,408,163,85,44,34,26,56
389,Maharashtra,Bid,Uttam,408,161,85,45,35,23,59
390,Maharashtra,Pune,Uttam,407,162,83,43,35,23,61
391,Maharashtra,Ahmadnagar,Uttam,407,173,84,31,35,24,60
392,Maharashtra,Thane,Uttam,405,158,86,35,35,26,66
393,Maharashtra,Nandurbar,Uttam,405,162,85,46,35,20,58
394,Maharashtra,"Raigarh (Maharashtra)",Uttam,405,169,83,44,35,20,54
395,Maharashtra,Nanded,Uttam,403,154,85,45,35,23,60
396,Maharashtra,Washim,Uttam,403,169,82,39,35,20,58
397,Maharashtra,Amravati,Uttam,402,155,86,45,35,22,59
398,Maharashtra,Palghar,Uttam,402,156,84,45,35,22,61
399,Maharashtra,Osmanabad,Uttam,401,164,84,43,35,22,53
400,Maharashtra,Chandrapur,Uttam,401,150,85,47,35,22,61
401,Maharashtra,Gondiya,Uttam,401,158,84,48,33,20,59
402,Maharashtra,Dhule,Uttam,399,161,85,44,35,19,55
403,Maharashtra,Parbhani,Uttam,397,154,80,44,32,21,66
404,Maharashtra,Wardha,Uttam,395,150,85,45,35,22,58
405,Maharashtra,Akola,Uttam,393,155,84,40,35,22,58
406,Maharashtra,Bhandara,Uttam,393,150,84,46,35,20,59
407,Maharashtra,Jalna,Uttam,393,151,82,43,35,21,61
408,Maharashtra,Latur,Uttam,393,153,84,43,35,20,59
409,Maharashtra,Yavatmal,Uttam,392,147,85,45,34,18,63
410,Maharashtra,Hingoli,Uttam,390,164,85,26,35,23,58
411,Maharashtra,Buldana,Uttam,382,144,86,36,35,20,61
412,Maharashtra,Nagpur,Uttam,379,142,84,40,35,20,58
413,Maharashtra,Gadchiroli,Uttam,370,135,83,45,35,15,57
414,Manipur,"Imphal West",Prachesta-1,343,161,70,35,12,11,55
415,Manipur,Kakching,Prachesta-1,326,134,67,38,17,15,53
416,Manipur,"Imphal East",Prachesta-1,321,145,65,37,11,10,53
417,Manipur,Churachandpur,Prachesta-2,293,132,59,38,7,5,51
418,Manipur,Senapati,Prachesta-2,288,125,57,35,12,6,53
419,Manipur,Jiribam,Prachesta-2,282,114,59,35,18,7,49
420,Manipur,Thoubal,Prachesta-2,277,136,46,36,9,5,44
421,Manipur,Bishnupur,Prachesta-2,262,112,45,36,6,11,52
422,Manipur,Kangpokpi,Prachesta-2,258,123,53,35,9,5,34
423,Manipur,Kamjong,Prachesta-2,257,104,64,32,18,3,35
424,Manipur,Tamenglong,Prachesta-2,254,112,51,36,15,7,34
425,Manipur,Ukhrul,Prachesta-2,254,113,50,35,11,8,37
426,Manipur,Chandel,Prachesta-2,254,111,54,35,10,3,42
427,Manipur,Noney,Prachesta-2,253,101,47,37,11,6,52
428,Manipur,Tengnoupal,Prachesta-2,247,111,49,34,12,3,37
429,Manipur,Pherzawl,Prachesta-2,245,86,60,32,17,3,47
430,Meghalaya,"East Khasi Hills",Prachesta-2,282,123,49,34,10,7,59
431,Meghalaya,"West Khasi Hills",Prachesta-2,263,104,63,26,13,6,52
432,Meghalaya,"West Jaintia Hills",Prachesta-2,251,96,55,30,12,3,56
433,Meghalaya,"South West Garo Hills",Prachesta-2,243,107,41,19,12,4,60
434,Meghalaya,"South West Khasi Hills",Prachesta-3,235,86,44,32,13,2,57
435,Meghalaya,"Ri Bhoi",Prachesta-3,232,93,42,30,17,4,46
436,Meghalaya,"East Garo Hills",Prachesta-3,221,85,41,28,19,4,45
437,Meghalaya,"East Jaintia Hills",Prachesta-3,213,91,27,30,6,5,54
438,Meghalaya,"West Garo Hills",Prachesta-3,210,87,52,22,10,2,36
439,Meghalaya,"South Garo Hills",Prachesta-3,202,91,24,22,9,5,51
440,Meghalaya,"North Garo Hills",Prachesta-3,196,84,35,20,9,3,45
441,Mizoram,Saiha,Prachesta-1,318,126,67,40,21,3,61
442,Mizoram,Serchhip,Prachesta-1,311,124,65,43,17,5,58
443,Mizoram,Saitual,Prachesta-2,297,115,66,32,27,7,50
444,Mizoram,Hnahthial,Prachesta-2,283,121,64,35,22,4,37
445,Mizoram,Kolasib,Prachesta-2,281,103,77,38,17,1,45
446,Mizoram,Khawzawl,Prachesta-2,270,115,58,30,19,11,37
447,Mizoram,Lunglei,Prachesta-2,269,102,70,31,19,2,45
448,Mizoram,Champhai,Prachesta-2,267,109,54,35,10,4,55
449,Mizoram,Mamit,Prachesta-2,265,97,76,37,16,4,36
450,Mizoram,Aizawl,Prachesta-2,264,133,49,25,9,3,45
451,Mizoram,Lawngtlai,Prachesta-2,258,107,55,33,7,1,54
452,Nagaland,Kohima,Prachesta-1,311,144,63,36,19,19,31
453,Nagaland,Mokokchung,Prachesta-1,301,130,69,40,13,14,35
454,Nagaland,Dimapur,Prachesta-2,296,121,68,40,16,15,36
455,Nagaland,Peren,Prachesta-2,293,109,70,37,26,16,35
456,Nagaland,Wokha,Prachesta-2,289,116,65,36,26,12,34
457,Nagaland,Kiphire,Prachesta-2,283,112,65,32,8,14,52
458,Nagaland,Phek,Prachesta-2,276,117,63,36,15,10,35
459,Nagaland,Zunheboto,Prachesta-2,274,122,65,31,14,8,34
460,Nagaland,Longleng,Prachesta-2,270,102,56,35,18,5,53
461,Nagaland,Tuensang,Prachesta-2,269,113,58,39,25,5,30
462,Nagaland,Mon,Prachesta-2,251,95,61,33,19,13,29
463,Odisha,Khurdha,Ati-Uttam,425,176,86,47,34,15,66
464,Odisha,Cuttack,Uttam,411,178,85,45,35,15,53
465,Odisha,Nuapada,Uttam,407,179,83,45,32,6,61
466,Odisha,Nayagarh,Uttam,406,166,86,43,33,14,64
467,Odisha,Bhadrak,Uttam,403,160,86,45,34,13,66
468,Odisha,Jagatsinghpur,Uttam,398,180,81,45,33,7,53
469,Odisha,Jajpur,Uttam,396,158,85,44,32,14,62
470,Odisha,Sundergarh,Uttam,396,150,86,48,35,15,62
471,Odisha,Sambalpur,Uttam,396,156,83,48,35,10,63
472,Odisha,Angul,Uttam,395,166,85,45,30,8,61
473,Odisha,Puri,Uttam,390,160,84,42,33,9,63
474,Odisha,Balasore,Uttam,390,159,82,45,32,7,63
475,Odisha,Baragarh,Uttam,389,158,84,42,33,12,60
476,Odisha,Jharsuguda,Uttam,386,150,86,44,34,11,61
477,Odisha,Dhenkanal,Uttam,386,150,85,47,35,8,61
478,Odisha,Kendrapara,Uttam,384,141,86,44,34,13,66
479,Odisha,Ganjam,Uttam,383,158,83,45,26,14,57
480,Odisha,Kalahandi,Uttam,383,168,83,42,26,5,60
481,Odisha,Malkangiri,Uttam,378,145,85,45,35,4,64
482,Odisha,Bolangir,Uttam,374,144,82,43,35,6,63
483,Odisha,Sonepur,Uttam,369,141,83,43,35,7,61
484,Odisha,Keonjhar,Uttam,369,140,82,45,31,6,65
485,Odisha,Koraput,Uttam,366,139,80,45,28,4,70
486,Odisha,Deogarh,Uttam,363,135,80,45,31,7,65
487,Odisha,Gajapati,Uttam,360,152,80,40,28,4,56
488,Odisha,Kandhamal,Prachesta-1,357,125,84,45,34,6,64
489,Odisha,Nabarangpur,Prachesta-1,353,132,81,42,30,4,63
490,Odisha,Boudh,Prachesta-1,347,120,83,43,30,9,61
491,Odisha,Rayagada,Prachesta-1,336,111,79,45,34,5,63
492,Odisha,Mayurbhanj,Prachesta-1,328,113,82,41,27,9,57
493,Puducherry,Pondicherry,Ati-Uttam,439,164,85,44,35,30,81
494,Puducherry,Mahe,Ati-Uttam,429,148,86,45,35,33,82
495,Puducherry,Yanam,Uttam,406,131,87,44,35,28,81
496,Puducherry,Karaikal,Uttam,399,125,85,44,35,29,81
497,Punjab,Barnala,Ati-Uttam,468,212,85,40,28,31,72
498,Punjab,Firozpur,Ati-Uttam,457,203,87,42,28,28,69
499,Punjab,Muktsar,Ati-Uttam,452,191,83,43,34,30,72
500,Punjab,"Taran Taran",Ati-Uttam,446,183,87,42,33,26,75
501,Punjab,Bathinda,Ati-Uttam,443,181,83,42,34,31,72
502,Punjab,Gurdaspur,Ati-Uttam,439,174,87,44,32,30,73
503,Punjab,Moga,Ati-Uttam,439,186,84,44,26,31,69
504,Punjab,Amritsar,Ati-Uttam,438,185,85,42,27,30,69
505,Punjab,Malerkotla,Ati-Uttam,436,172,88,44,35,30,67
506,Punjab,Mansa,Ati-Uttam,434,185,84,38,23,32,73
507,Punjab,Patiala,Ati-Uttam,434,193,83,46,25,30,56
508,Punjab,Nawanshahr,Ati-Uttam,433,179,87,41,26,31,70
509,Punjab,"Fatehgarh Sahib",Ati-Uttam,431,173,86,47,25,31,69
510,Punjab,Sangrur,Ati-Uttam,429,167,85,46,29,32,69
511,Punjab,Pathankot,Ati-Uttam,428,172,82,41,30,33,70
512,Punjab,Faridkot,Ati-Uttam,427,177,84,46,22,31,67
513,Punjab,Kapurthala,Ati-Uttam,424,169,87,37,27,34,71
514,Punjab,Fazilka,Ati-Uttam,422,164,86,47,24,29,72
515,Punjab,Mohali,Uttam,417,177,81,32,25,32,69
516,Punjab,Ludhiana,Uttam,414,176,83,36,19,31,68
517,Punjab,Jalandhar,Uttam,409,159,87,46,24,30,62
518,Punjab,Hoshiarpur,Uttam,389,162,64,44,19,30,69
519,Punjab,Rupnagar,Uttam,379,162,58,39,22,29,68
520,Rajasthan,Dhaulpur,Ati-Uttam,444,212,83,34,33,19,62
521,Rajasthan,Jaipur,Ati-Uttam,440,190,86,44,34,22,64
522,Rajasthan,Alwar,Ati-Uttam,431,186,85,42,35,20,62
523,Rajasthan,Bundi,Ati-Uttam,427,182,85,45,34,16,64
524,Rajasthan,Ganganagar,Ati-Uttam,421,171,86,43,35,22,63
525,Rajasthan,Jhunjhunu,Uttam,419,174,87,43,35,18,63
526,Rajasthan,"Pratapgarh (Raj.)",Uttam,419,185,84,36,35,19,60
527,Rajasthan,Ajmer,Uttam,416,181,86,37,35,22,54
528,Rajasthan,Chittaurgarh,Uttam,416,167,86,44,35,21,63
529,Rajasthan,Rajsamand,Uttam,413,171,86,42,30,21,63
530,Rajasthan,Tonk,Uttam,407,172,82,36,35,19,62
531,Rajasthan,Barmer,Uttam,405,171,85,38,35,15,61
532,Rajasthan,Jodhpur,Uttam,403,158,86,44,35,17,63
533,Rajasthan,Sikar,Uttam,401,163,86,31,35,20,64
534,Rajasthan,Nagaur,Uttam,400,178,83,28,35,16,60
535,Rajasthan,Bikaner,Uttam,396,160,86,38,35,17,61
536,Rajasthan,Dausa,Uttam,394,171,80,35,34,13,61
537,Rajasthan,Pali,Uttam,390,156,84,41,34,16,58
538,Rajasthan,Hanumangarh,Uttam,386,145,86,41,35,22,58
539,Rajasthan,Karauli,Uttam,383,161,83,34,35,13,57
540,Rajasthan,Sirohi,Uttam,381,156,82,33,35,19,57
541,Rajasthan,Jalor,Uttam,378,139,84,38,35,21,61
542,Rajasthan,"Sawai Madhopur",Uttam,377,143,85,36,35,18,61
543,Rajasthan,Bhilwara,Uttam,377,153,84,33,35,12,61
544,Rajasthan,Dungarpur,Uttam,377,139,85,40,35,19,59
545,Rajasthan,Kota,Uttam,374,170,85,25,35,21,38
546,Rajasthan,Jaisalmer,Uttam,373,143,84,40,34,13,59
547,Rajasthan,Jhalawar,Uttam,369,157,73,29,35,11,64
548,Rajasthan,Baran,Uttam,364,155,82,24,32,9,63
549,Rajasthan,Banswara,Uttam,360,137,84,31,34,18,57
550,Rajasthan,Churu,Prachesta-1,352,168,56,34,19,21,55
551,Rajasthan,Udaipur,Prachesta-1,350,126,82,36,35,13,57
552,Rajasthan,Bharatpur,Prachesta-1,346,149,71,36,16,16,59
553,Sikkim,Pakyong,Prachesta-1,349,139,76,42,18,17,58
554,Sikkim,Soreng,Prachesta-1,342,109,80,38,30,19,65
555,Sikkim,Gyalshing,Prachesta-1,331,97,82,38,30,21,63
556,Sikkim,Mangan,Prachesta-1,331,111,82,32,27,18,61
557,Sikkim,Gangtok,Prachesta-1,323,122,77,27,27,18,52
558,Sikkim,Namchi,Prachesta-2,298,119,63,32,19,12,54
559,Tamilnadu,Perambalur,Uttam,411,165,82,40,25,17,82
560,Tamilnadu,Chennai,Uttam,391,137,80,38,35,19,83
561,Tamilnadu,Coimbatore,Uttam,391,148,80,40,25,19,79
562,Tamilnadu,Ariyalur,Uttam,389,141,82,40,25,16,84
563,Tamilnadu,Erode,Uttam,388,148,80,42,25,15,79
564,Tamilnadu,Cuddalore,Uttam,387,140,82,41,28,18,79
565,Tamilnadu,Kancheepuram,Uttam,387,143,82,40,25,18,78
566,Tamilnadu,Tiruvallur,Uttam,387,143,81,40,25,16,81
567,Tamilnadu,Chengalpattu,Uttam,385,143,82,40,25,17,79
568,Tamilnadu,Tiruchirappalli,Uttam,385,140,81,40,25,17,81
569,Tamilnadu,Thanjavur,Uttam,385,144,82,41,25,12,81
570,Tamilnadu,Salem,Uttam,385,143,81,41,25,16,80
571,Tamilnadu,Vellore,Uttam,384,142,80,39,25,15,81
572,Tamilnadu,Tirupattur,Uttam,383,140,80,41,25,15,81
573,Tamilnadu,Madurai,Uttam,383,143,78,40,25,15,81
574,Tamilnadu,Kanniyakumari,Uttam,382,137,83,41,25,17,80
575,Tamilnadu,Virudhunagar,Uttam,382,137,81,40,25,17,81
576,Tamilnadu,"The Nilgiris",Uttam,381,143,79,41,25,15,79
577,Tamilnadu,Krishnagiri,Uttam,380,134,79,39,30,18,80
578,Tamilnadu,Tiruppur,Uttam,379,136,81,42,25,15,81
579,Tamilnadu,Tiruvannamalai,Uttam,379,134,82,41,25,16,81
580,Tamilnadu,Tiruvarur,Uttam,379,140,80,41,25,14,79
581,Tamilnadu,Dindigul,Uttam,379,141,79,38,25,16,80
582,Tamilnadu,Tirunelveli,Uttam,379,137,79,37,35,12,79
583,Tamilnadu,Sivagangai,Uttam,378,137,80,40,25,16,79
584,Tamilnadu,Thoothukkudi,Uttam,377,138,80,39,25,12,83
585,Tamilnadu,Villupuram,Uttam,376,135,80,38,25,18,80
586,Tamilnadu,Kallakurichi,Uttam,375,136,78,40,25,17,79
587,Tamilnadu,Ranipet,Uttam,371,136,82,38,25,9,81
588,Tamilnadu,Nagapattinam,Uttam,370,133,82,35,25,15,80
589,Tamilnadu,Dharmapuri,Uttam,369,131,82,40,25,9,82
590,Tamilnadu,Karur,Uttam,367,122,82,42,25,17,80
591,Tamilnadu,Namakkal,Uttam,367,127,81,40,25,14,81
592,Tamilnadu,Tenkasi,Uttam,366,127,81,37,25,15,81
593,Tamilnadu,Ramanathapuram,Prachesta-1,357,121,81,37,25,12,81
594,Tamilnadu,Pudukkottai,Prachesta-1,356,116,79,41,25,16,79
595,Tamilnadu,Theni,Prachesta-1,347,115,79,34,25,14,80
596,Telangana,Medchal,Uttam,381,128,85,44,35,21,68
597,Telangana,Hanumakonda,Uttam,377,141,78,42,32,13,72
598,Telangana,Siddipet,Uttam,373,135,83,39,34,15,67
599,Telangana,Warangal,Uttam,361,126,76,43,31,13,72
600,Telangana,Nalgonda,Prachesta-1,351,124,82,34,35,12,64
601,Telangana,Nizamabad,Prachesta-1,349,127,83,31,31,15,63
602,Telangana,Mahabubabad,Prachesta-1,343,118,76,39,28,12,70
603,Telangana,Wanaparthy,Prachesta-1,340,117,81,38,32,8,64
604,Telangana,Karimnagar,Prachesta-1,340,126,77,35,27,10,64
605,Telangana,Sangareddy,Prachesta-1,337,120,78,30,32,15,62
606,Telangana,Rangareddy,Prachesta-1,336,136,68,31,25,17,59
607,Telangana,Mancherial,Prachesta-1,332,133,76,25,32,8,58
608,Telangana,Jayashankar,Prachesta-1,331,125,74,33,26,6,68
609,Telangana,"Jogulamba Gadwal",Prachesta-1,330,121,74,32,26,8,69
610,Telangana,Mahabubnagar,Prachesta-1,330,130,78,31,21,7,63
611,Telangana,Vikarabad,Prachesta-1,328,134,66,29,28,8,64
612,Telangana,Jagtial,Prachesta-1,328,118,73,31,34,8,64
613,Telangana,Kamareddy,Prachesta-1,326,119,74,27,30,7,69
614,Telangana,Mulugu,Prachesta-1,326,101,72,40,32,11,70
615,Telangana,Jangaon,Prachesta-1,321,112,80,32,28,8,61
616,Telangana,Khammam,Prachesta-1,320,113,64,43,27,8,65
617,Telangana,"Bhadradri Kothagudem",Prachesta-1,319,114,78,27,25,9,66
618,Telangana,Hyderabad,Prachesta-1,319,121,72,28,26,18,55
619,Telangana,"Rajanna Siricilla",Prachesta-1,313,97,83,27,33,12,62
620,Telangana,Medak,Prachesta-1,308,110,71,36,23,8,60
621,Telangana,"Kumuram Bheem Asifabad",Prachesta-1,304,114,65,32,22,4,68
622,Telangana,Nirmal,Prachesta-1,304,115,67,33,17,4,68
623,Telangana,Narayanapet,Prachesta-2,299,105,65,35,27,10,57
624,Telangana,"Yadadri Bhuvanagiri",Prachesta-2,297,100,72,34,21,8,61
625,Telangana,Nagarkurnool,Prachesta-2,296,95,75,25,27,6,69
626,Telangana,Suryapet,Prachesta-2,294,97,71,26,32,7,63
627,Telangana,Peddapalli,Prachesta-2,286,94,69,25,24,8,65
628,Telangana,Adilabad,Prachesta-2,276,84,67,32,25,3,64
629,Tripura,Sepahijala,Prachesta-1,345,131,80,31,28,8,67
630,Tripura,Khowai,Prachesta-1,338,118,82,38,29,7,64
631,Tripura,"South Tripura",Prachesta-1,334,127,80,42,29,3,52
632,Tripura,"West Tripura",Prachesta-1,332,129,76,44,20,9,54
633,Tripura,Dhalai,Prachesta-1,313,100,69,43,31,5,65
634,Tripura,"North Tripura",Prachesta-1,310,109,79,42,28,11,42
635,Tripura,Unakoti,Prachesta-2,256,95,72,34,15,3,36
636,Tripura,Gomati,Prachesta-3,229,97,50,32,19,6,26
637,"Uttar Pradesh","Gautam Buddha Nagar",Uttam,386,149,84,37,34,22,60
638,"Uttar Pradesh",Mathura,Uttam,381,155,81,38,34,14,59
639,"Uttar Pradesh",Varanasi,Uttam,380,148,83,42,35,14,59
640,"Uttar Pradesh",Deoria,Uttam,376,150,84,35,35,9,62
641,"Uttar Pradesh",Gorakhpur,Uttam,371,141,85,37,35,12,60
642,"Uttar Pradesh",Farrukhabad,Uttam,371,147,81,41,35,9,57
643,"Uttar Pradesh",Shrawasti,Uttam,370,132,81,43,35,9,70
644,"Uttar Pradesh",Mahoba,Uttam,367,139,86,43,35,7,58
645,"Uttar Pradesh",Prayagraj,Uttam,366,143,85,36,35,11,56
646,"Uttar Pradesh",Bulandshahr,Uttam,366,137,84,43,35,15,52
647,"Uttar Pradesh",Jhansi,Uttam,365,124,83,39,31,8,79
648,"Uttar Pradesh","Amethi - CSM Nagar",Uttam,365,135,82,42,35,9,62
649,"Uttar Pradesh","Shamli (Prabudh Nagar)",Uttam,364,127,86,44,35,11,61
650,"Uttar Pradesh",Ghaziabad,Uttam,362,137,86,36,32,21,52
651,"Uttar Pradesh","Sambhal (Bhim Nagar)",Uttam,361,141,83,41,35,14,48
652,"Uttar Pradesh",Firozabad,Prachesta-1,357,130,83,43,30,10,60
653,"Uttar Pradesh",Bareilly,Prachesta-1,355,118,86,42,35,15,60
654,"Uttar Pradesh",Meerut,Prachesta-1,355,129,84,37,33,16,56
655,"Uttar Pradesh",Lucknow,Prachesta-1,353,132,76,38,31,17,58
656,"Uttar Pradesh",Basti,Prachesta-1,352,131,83,34,35,8,61
657,"Uttar Pradesh","Sant Kabir Nagar",Prachesta-1,352,135,79,32,34,13,58
658,"Uttar Pradesh",Mirzapur,Prachesta-1,351,130,80,35,35,14,56
659,"Uttar Pradesh",Ballia,Prachesta-1,348,143,82,36,28,7,52
660,"Uttar Pradesh","Kanpur Dehat",Prachesta-1,347,143,77,30,30,6,60
661,"Uttar Pradesh",Gonda,Prachesta-1,347,130,80,33,35,9,60
662,"Uttar Pradesh",Saharanpur,Prachesta-1,346,120,82,42,35,8,60
663,"Uttar Pradesh",Kheri,Prachesta-1,344,131,80,39,31,7,56
664,"Uttar Pradesh","Hapur (Panchsheel Nagar)",Prachesta-1,343,114,82,38,32,13,63
665,"Uttar Pradesh","Jyotiba Phule Nagar (Amroha)",Prachesta-1,341,122,81,40,33,5,61
666,"Uttar Pradesh",Kushinagar,Prachesta-1,341,127,81,33,32,9,59
667,"Uttar Pradesh",Pratapgarh,Prachesta-1,339,122,84,30,34,10,58
668,"Uttar Pradesh",Hathras,Prachesta-1,338,116,82,38,35,9,57
669,"Uttar Pradesh",Sultanpur,Prachesta-1,337,121,82,36,35,9,55
670,"Uttar Pradesh",Ghazipur,Prachesta-1,337,131,79,35,30,6,56
671,"Uttar Pradesh",Bijnor,Prachesta-1,337,110,84,37,35,13,57
672,"Uttar Pradesh",Azamgarh,Prachesta-1,335,128,72,30,33,6,65
673,"Uttar Pradesh",Auraiya,Prachesta-1,334,141,74,25,29,6,60
674,"Uttar Pradesh",Etawah,Prachesta-1,334,132,77,25,35,7,58
675,"Uttar Pradesh",Sonbhadra,Prachesta-1,334,108,84,37,35,11,59
676,"Uttar Pradesh",Barabanki,Prachesta-1,334,123,81,37,30,7,55
677,"Uttar Pradesh",Kannauj,Prachesta-1,332,124,80,40,34,10,44
678,"Uttar Pradesh",Maharajganj,Prachesta-1,332,124,82,39,33,13,42
679,"Uttar Pradesh",Moradabad,Prachesta-1,331,118,80,36,31,12,54
680,"Uttar Pradesh",Siddharthnagar,Prachesta-1,331,122,81,32,30,8,57
681,"Uttar Pradesh",Faizabad,Prachesta-1,331,125,74,31,29,13,58
682,"Uttar Pradesh",Rampur,Prachesta-1,330,124,75,36,30,9,57
683,"Uttar Pradesh",Bhadoi,Prachesta-1,330,118,78,32,32,12,58
684,"Uttar Pradesh",Mau,Prachesta-1,330,133,80,39,34,6,38
685,"Uttar Pradesh",Baghpat,Prachesta-1,329,111,81,35,35,12,55
686,"Uttar Pradesh",Bahraich,Prachesta-1,327,124,78,38,32,3,53
687,"Uttar Pradesh",Etah,Prachesta-1,327,123,76,32,30,6,59
688,"Uttar Pradesh",Hardoi,Prachesta-1,327,106,83,37,35,6,60
689,"Uttar Pradesh","Ambedkar Nagar",Prachesta-1,326,116,71,34,30,14,61
690,"Uttar Pradesh",Jaunpur,Prachesta-1,325,114,84,32,35,8,53
691,"Uttar Pradesh",Kaushambi,Prachesta-1,320,112,80,38,30,5,55
692,"Uttar Pradesh",Shahjahanpur,Prachesta-1,320,116,72,36,30,11,55
693,"Uttar Pradesh","Kanshiram Nagar",Prachesta-1,318,104,78,34,32,12,59
694,"Uttar Pradesh","Kanpur Nagar",Prachesta-1,318,104,77,32,35,10,60
695,"Uttar Pradesh",Muzaffarnagar,Prachesta-1,317,115,75,35,32,10,51
696,"Uttar Pradesh",Jalaun,Prachesta-1,317,140,65,28,18,8,58
697,"Uttar Pradesh",Unnao,Prachesta-1,314,105,85,34,30,5,55
698,"Uttar Pradesh",Agra,Prachesta-1,311,108,71,34,33,9,56
699,"Uttar Pradesh",Fatehpur,Prachesta-1,311,118,68,36,31,4,54
700,"Uttar Pradesh",Chandauli,Prachesta-1,310,114,73,37,25,6,55
701,"Uttar Pradesh","Hamirpur (U.P.)",Prachesta-1,307,111,73,36,26,4,58
702,"Uttar Pradesh",Lalitpur,Prachesta-1,306,115,68,34,24,6,58
703,"Uttar Pradesh","Balrampur Up",Prachesta-1,306,94,78,35,35,5,59
704,"Uttar Pradesh",Chitrakoot,Prachesta-1,304,117,70,33,23,4,57
705,"Uttar Pradesh",Budaun,Prachesta-1,304,91,82,36,30,7,58
706,"Uttar Pradesh",Sitapur,Prachesta-1,302,95,78,39,27,7,56
707,"Uttar Pradesh",Pilibhit,Prachesta-1,301,106,70,37,28,11,48
708,"Uttar Pradesh",Mainpuri,Prachesta-2,296,101,72,38,20,7,57
709,"Uttar Pradesh","Rae Bareli",Prachesta-2,292,117,67,36,23,6,43
710,"Uttar Pradesh",Banda,Prachesta-2,287,109,71,26,26,6,49
711,"Uttar Pradesh",Aligarh,Prachesta-2,286,107,52,30,29,12,55
712,Uttarakhand,Dehradun,Uttam,364,146,81,38,28,16,56
713,Uttarakhand,Hardwar,Prachesta-1,350,127,81,38,30,17,57
714,Uttarakhand,Champawat,Prachesta-1,349,132,82,37,31,11,57
715,Uttarakhand,Bageshwar,Prachesta-1,348,123,85,36,30,15,59
716,Uttarakhand,Pauri,Prachesta-1,340,143,77,26,33,15,47
717,Uttarakhand,"Udham Singh Nagar",Prachesta-1,329,117,81,34,25,14,58
718,Uttarakhand,Nainital,Prachesta-1,329,149,65,40,14,12,48
719,Uttarakhand,Rudraprayag,Prachesta-1,328,123,76,34,26,12,56
720,Uttarakhand,Pithoragarh,Prachesta-1,323,123,78,38,24,8,51
721,Uttarakhand,Almora,Prachesta-1,317,122,79,34,23,7,52
722,Uttarakhand,Uttarkashi,Prachesta-1,310,109,75,34,25,11,55
723,Uttarakhand,"Tehri Garhwal",Prachesta-1,308,111,79,35,32,9,41
724,Uttarakhand,Chamoli,Prachesta-2,299,113,74,24,23,10,55
725,"West Bengal",Kolkata,Ati-Uttam,427,185,82,42,34,27,57
726,"West Bengal",Hooghly,Uttam,415,169,85,44,35,23,58
727,"West Bengal","Purba Bardhaman",Uttam,415,169,85,44,35,23,59
728,"West Bengal","North Twenty Four Pargana",Uttam,407,189,81,33,31,24,50
729,"West Bengal",Murshidabad,Uttam,397,177,79,37,35,14,55
730,"West Bengal",Jhargram,Uttam,393,172,81,41,31,17,52
731,"West Bengal",Coochbehar,Uttam,387,158,82,34,35,21,58
732,"West Bengal","Paschim Bardhaman",Uttam,386,162,78,36,35,21,55
733,"West Bengal",Nadia,Uttam,380,160,76,34,30,20,60
734,"West Bengal","South Twenty Four Pargana",Uttam,380,156,79,36,34,21,54
735,"West Bengal",Maldah,Uttam,380,149,79,36,35,21,61
736,"West Bengal",Bankura,Uttam,380,160,78,31,35,18,58
737,"West Bengal","Dakshin Dinajpur",Uttam,380,142,82,42,35,23,56
738,"West Bengal","Paschim Medinipur",Uttam,379,158,77,39,30,14,61
739,"West Bengal","Purba Medinipur",Uttam,378,172,81,34,15,15,62
740,"West Bengal",Howrah,Uttam,362,147,78,35,33,16,53
741,"West Bengal",Puruliya,Uttam,362,131,83,36,33,21,58
742,"West Bengal",Jalpaiguri,Prachesta-1,353,115,82,42,34,23,56
743,"West Bengal",Alipurduar,Prachesta-1,350,134,78,36,35,19,50
744,"West Bengal",Birbhum,Prachesta-1,343,120,78,41,31,20,54
745,"West Bengal",Siliguri,Prachesta-1,338,135,79,20,25,25,54
746,"West Bengal",Kalimpong,Prachesta-1,330,123,79,33,35,14,46
747,"West Bengal","Uttar Dinajpur",Prachesta-1,315,115,74,34,20,18,54
748,"West Bengal",Darjiling,Prachesta-3,194,87,32,25,5,14,32
